media_id,date,slug,media_type,mime_type,source_url,alt_text,title,attached_post_id,attached_page_slug
"2492","2025-11-22T05:25:24","fuchsia-and-dark-pink-sip-and-paint-party-invitation-instagram-post-1","image","image/png","https://lamickeyoga.com/wp-content/uploads/2025/11/Fuchsia-and-Dark-Pink-Sip-and-Paint-Party-Invitation-Instagram-Post-1.png","Fuchsia and Dark Pink Sip and Paint Party Invitation Instagram Post (1)","2229",0,""
"2467","2024-03-03T01:02:46","woocommerce-placeholder","image","image/png","https://lamickeyoga.com/wp-content/uploads/woocommerce-placeholder.png","woocommerce-placeholder","null",0,""
"2414","2022-07-29T08:10:28","flyer_en","image","image/png","https://lamickeyoga.com/wp-content/uploads/2022/07/Flyer_En.png","Flyer_En","323",0,""
"2413","2022-07-29T08:10:23","flyer_de","image","image/png","https://lamickeyoga.com/wp-content/uploads/2022/07/Flyer_De.png","Flyer_De","323",0,""
"2380","2022-02-12T11:47:37","whatsapp-image-2022-01-06-at-14-44-52","image","image/jpeg","https://lamickeyoga.com/wp-content/uploads/2022/02/WhatsApp-Image-2022-01-06-at-14.44.52.jpeg","WhatsApp Image 2022-01-06 at 14.44.52","254",0,""
"2269","2021-12-09T20:20:36","placeholder-png-16","image","image/png","https://lamickeyoga.com/wp-content/uploads/2021/12/placeholder-13.png","placeholder.png","null",0,""
"2257","2021-12-09T19:47:22","placeholder-png-15","image","image/png","https://lamickeyoga.com/wp-content/uploads/2021/12/placeholder-12.png","placeholder.png","null",0,""
"2256","2021-12-09T19:47:22","placeholder-png-14","image","image/png","https://lamickeyoga.com/wp-content/uploads/2021/12/placeholder-11.png","placeholder.png","null",0,""
"2255","2021-12-09T19:47:21","placeholder-png-13","image","image/png","https://lamickeyoga.com/wp-content/uploads/2021/12/placeholder-10.png","placeholder.png","null",0,""
"2254","2021-12-09T19:47:21","placeholder-png-12","image","image/png","https://lamickeyoga.com/wp-content/uploads/2021/12/placeholder-9.png","placeholder.png","null",0,""
"2247","2021-12-09T19:36:53","img_5034_dxo_adobespark","image","image/png","https://lamickeyoga.com/wp-content/uploads/2021/12/IMG_5034_DxO_adobespark-scaled.png","IMG_5034_DxO_adobespark","null",0,""
"2241","2021-12-09T19:29:32","img_5252_dxo","image","image/png","https://lamickeyoga.com/wp-content/uploads/2021/12/IMG_5252_DxO-scaled.png","IMG_5252_DxO","null",0,""
"2236","2021-12-09T19:27:48","placeholder-png-11","image","image/png","https://lamickeyoga.com/wp-content/uploads/2021/12/placeholder-8.png","placeholder.png","null",0,""
"2235","2021-12-09T19:27:14","img_5034_dxo_small","image","image/jpeg","https://lamickeyoga.com/wp-content/uploads/2021/12/IMG_5034_DxO_small.jpg","IMG_5034_DxO_small","null",0,""
"2046","2021-12-05T19:37:57","placeholder-png-10","image","image/png","https://lamickeyoga.com/wp-content/uploads/2021/12/placeholder-7.png","placeholder.png","null",0,""
"2045","2021-12-05T19:37:57","placeholder-png-9","image","image/png","https://lamickeyoga.com/wp-content/uploads/2021/12/placeholder-6.png","placeholder.png","null",0,""
"2044","2021-12-05T19:37:56","placeholder-png-8","image","image/png","https://lamickeyoga.com/wp-content/uploads/2021/12/placeholder-5.png","placeholder.png","null",0,""
"2043","2021-12-05T19:37:36","placeholder-png-7","image","image/png","https://lamickeyoga.com/wp-content/uploads/2021/12/placeholder-4.png","placeholder.png","null",0,""
"2042","2021-12-05T19:37:35","placeholder-png-6","image","image/png","https://lamickeyoga.com/wp-content/uploads/2021/12/placeholder-3.png","placeholder.png","null",0,""
"2041","2021-12-05T19:37:35","placeholder-png-5","image","image/png","https://lamickeyoga.com/wp-content/uploads/2021/12/placeholder-2.png","placeholder.png","null",0,""
"2040","2021-12-05T19:37:34","placeholder-png-4","image","image/png","https://lamickeyoga.com/wp-content/uploads/2021/12/placeholder-1.png","placeholder.png","null",0,""
"2039","2021-12-05T19:34:07","placeholder-png-3","image","image/png","https://lamickeyoga.com/wp-content/uploads/2021/12/placeholder.png","placeholder.png","null",0,""
"1977","2021-12-01T17:58:42","logo_thin_de","image","image/svg+xml","https://lamickeyoga.com/wp-content/uploads/2021/05/Logo_thin_de.svg","Logo_thin_de","433",0,""
"1954","2021-12-01T17:22:24","in_the_park_white-format2","image","image/jpeg","https://lamickeyoga.com/wp-content/uploads/2021/12/in_the_park_white-format2-e1638379396550.jpg","in_the_park_white-format2","null",0,""
"1837","2021-12-01T16:29:33","atabs","image","image/png","https://lamickeyoga.com/wp-content/uploads/2021/12/atabs.png","atabs","254",0,""
"1624","2021-12-01T12:26:48","img_3540","image","image/jpeg","https://lamickeyoga.com/wp-content/uploads/2021/12/IMG_3540-rotated-e1638361837622.jpg","IMG_3540","254",0,""
"1623","2021-12-01T12:23:04","jule","image","image/jpeg","https://lamickeyoga.com/wp-content/uploads/2021/12/jule-e1638361868923.jpg","jule","254",0,""
"1590","2021-12-01T10:20:14","visual_web-2","image","image/jpeg","https://lamickeyoga.com/wp-content/uploads/2021/12/Visual-bg_web.jpg","Visual_web","null",0,""
"1579","2021-12-01T10:06:26","visual_web_bg-turquois","image","image/png","https://lamickeyoga.com/wp-content/uploads/2021/12/Visual_web_bg-turquois.png","Visual_web_bg-turquois","null",0,""
"1578","2021-12-01T10:05:51","visual_web_turquoise_mobile","image","image/png","https://lamickeyoga.com/wp-content/uploads/2021/12/Visual_web_turquoise_mobile.png","Visual_web_turquoise_mobile","null",0,""
"1574","2021-12-01T09:40:34","jo","image","image/png","https://lamickeyoga.com/wp-content/uploads/2021/12/Jo.png","Jo","254",0,""
"1552","2021-12-01T08:52:12","visual_web_bg-turquois_tinified","image","image/png","https://lamickeyoga.com/wp-content/uploads/2021/12/Visual_web_bg-turquois_tinified.png","Visual_web_bg-turquois_tinified","null",0,""
"1512","2021-11-30T21:37:21","visual_web","image","image/png","https://lamickeyoga.com/wp-content/uploads/2021/11/Visual_web.png","Visual_web","1213",0,""
"1511","2021-11-30T21:37:14","visual_web_tinified","image","image/png","https://lamickeyoga.com/wp-content/uploads/2021/11/Visual_web_tinified.png","Visual_web_tinified","1213",0,""
"1499","2021-11-30T19:32:12","aanyou","image","image/png","https://lamickeyoga.com/wp-content/uploads/2021/11/aanyou.png","aanyou","254",0,""
"1489","2021-11-30T19:20:53","anyi","image","image/png","https://lamickeyoga.com/wp-content/uploads/2021/11/Anyi.png","Anyi","254",0,""
"1484","2021-11-30T19:15:21","silviaaa","image","image/png","https://lamickeyoga.com/wp-content/uploads/2021/11/Silviaaa.png","Silviaaa","254",0,""
"1459","2021-11-30T18:28:24","team-work","image","image/jpeg","https://lamickeyoga.com/wp-content/uploads/2021/11/Team-Work.jpg","Team Work","null",0,""
"1458","2021-11-30T18:28:22","plank","image","image/jpeg","https://lamickeyoga.com/wp-content/uploads/2021/11/Plank.jpg","Plank","null",0,""
"1457","2021-11-30T18:28:21","img_6149","image","image/jpeg","https://lamickeyoga.com/wp-content/uploads/2021/11/IMG_6149.jpg","IMG_6149","null",0,""
"1456","2021-11-30T18:28:19","img_6143","image","image/jpeg","https://lamickeyoga.com/wp-content/uploads/2021/11/IMG_6143.jpg","IMG_6143","null",0,""
"1455","2021-11-30T18:27:56","img_5869","image","image/jpeg","https://lamickeyoga.com/wp-content/uploads/2021/11/IMG_5869.jpg","IMG_5869","null",0,""
"1454","2021-11-30T18:27:54","img_5316","image","image/jpeg","https://lamickeyoga.com/wp-content/uploads/2021/11/IMG_5316.jpg","IMG_5316","null",0,""
"1453","2021-11-30T18:27:53","img_6474","image","image/jpeg","https://lamickeyoga.com/wp-content/uploads/2021/11/IMG_6474.jpg","IMG_6474","null",0,""
"1452","2021-11-30T18:27:52","img_6454","image","image/jpeg","https://lamickeyoga.com/wp-content/uploads/2021/11/IMG_6454.jpg","IMG_6454","null",0,""
"1451","2021-11-30T18:27:22","workshops","image","image/jpeg","https://lamickeyoga.com/wp-content/uploads/2021/11/Workshops.jpg","Workshops","null",0,""
"1450","2021-11-30T18:27:20","restorative","image","image/jpeg","https://lamickeyoga.com/wp-content/uploads/2021/11/Restorative.jpg","Restorative","null",0,""
"1449","2021-11-30T18:26:26","visual_210515","image","image/png","https://lamickeyoga.com/wp-content/uploads/2021/11/Visual_210515.png","Visual_210515","null",0,""
"1439","2021-11-30T17:58:47","yin-yoga","image","image/jpeg","https://lamickeyoga.com/wp-content/uploads/2021/11/Yin-yoga.jpg","Yin yoga","1213",0,""
"1438","2021-11-30T17:58:46","img_5252","image","image/jpeg","https://lamickeyoga.com/wp-content/uploads/2021/11/IMG_5252.jpg","IMG_5252","1213",0,""
"1422","2021-11-30T17:48:50","office-yoga","image","image/png","https://lamickeyoga.com/wp-content/uploads/2021/11/Office-Yoga.png","Office Yoga","null",0,""
"1421","2021-11-30T17:48:22","20200724_134929","image","image/jpeg","https://lamickeyoga.com/wp-content/uploads/2021/11/20200724_134929-scaled.jpg","20200724_134929","null",0,""
"1417","2021-11-30T17:44:27","business-yoga","file","application/pdf","https://lamickeyoga.com/wp-content/uploads/2021/11/Business-Yoga.pdf","Business Yoga","null",0,""
"1379","2021-11-30T16:34:51","celina","image","image/png","https://lamickeyoga.com/wp-content/uploads/2021/11/Celina.png","Celina","254",0,""
"1377","2021-11-30T16:27:56","image0","image","image/jpeg","https://lamickeyoga.com/wp-content/uploads/2021/11/image0.jpeg","image0","254",0,""
"1371","2021-11-30T16:03:51","zhang-kaiyv-411983-unsplash-jpg","image","image/jpeg","https://lamickeyoga.com/wp-content/uploads/2021/11/zhang-kaiyv-411983-unsplash.jpg","zhang-kaiyv-411983-unsplash.jpg","null",0,""
"1370","2021-11-30T16:03:50","jeremy-bishop-104868-unsplash-jpg","image","image/jpeg","https://lamickeyoga.com/wp-content/uploads/2021/11/jeremy-bishop-104868-unsplash.jpg","jeremy-bishop-104868-unsplash.jpg","null",0,""
"1369","2021-11-30T16:03:48","louis-magnotti-27204-unsplash-jpg","image","image/jpeg","https://lamickeyoga.com/wp-content/uploads/2021/11/louis-magnotti-27204-unsplash.jpg","louis-magnotti-27204-unsplash.jpg","null",0,""
"1368","2021-11-30T16:03:47","pattern1-jpg","image","image/jpeg","https://lamickeyoga.com/wp-content/uploads/2021/11/pattern1.jpg","pattern1.jpg","null",0,""
"1346","2021-11-30T14:57:48","2021-11-30_15-57-16","image","image/png","https://lamickeyoga.com/wp-content/uploads/2021/11/2021-11-30_15-57-16.png","2021-11-30_15-57-16","254",0,""
"1339","2021-11-30T14:55:12","my-post","image","image/png","https://lamickeyoga.com/wp-content/uploads/2021/11/My-Post.png","My Post","254",0,""
"1323","2021-11-29T18:32:20","img_5416_dxo_lores_adobespark","image","image/png","https://lamickeyoga.com/wp-content/uploads/2021/11/IMG_5416_DxO_LoRes_adobespark-e1638210781683.png","yoga-with-yoga-bag","IMG_5416_DxO_LoRes_adobespark",323,""
"1292","2021-11-27T13:58:16","img_5416_dxo_small_adobespark-2","image","image/png","https://lamickeyoga.com/wp-content/uploads/2021/11/IMG_5416_DxO_small_adobespark-1-e1638190237287.png","IMG_5416_DxO_small_adobespark","null",0,""
"1215","2021-11-27T12:46:14","placeholder-png-2","image","image/png","https://lamickeyoga.com/wp-content/uploads/2021/11/placeholder.png","placeholder.png","null",0,""
"1043","2021-05-21T12:05:38","_mg_9099","image","image/jpeg","https://lamickeyoga.com/wp-content/uploads/2021/05/MG_9099.jpg","_MG_9099","339",0,""
"1035","2021-05-21T12:01:43","architecture-bay-bay-bridge-1006965-jpg","image","image/jpeg","https://lamickeyoga.com/wp-content/uploads/2021/05/architecture-bay-bay-bridge-1006965.jpg","architecture-bay-bay-bridge-1006965.jpg","null",0,""
"1034","2021-05-21T12:01:41","william-krause-622690-unsplash-jpg","image","image/jpeg","https://lamickeyoga.com/wp-content/uploads/2021/05/william-krause-622690-unsplash.jpg","william-krause-622690-unsplash.jpg","null",0,""
"1015","2021-05-21T11:50:20","in_the_park_white","image","image/jpeg","https://lamickeyoga.com/wp-content/uploads/2021/05/in_the_park_white-e1638373306837.jpg","in_the_park_white","294",0,""
"1011","2021-05-21T11:49:38","img_5292_dxo_small","image","image/jpeg","https://lamickeyoga.com/wp-content/uploads/2021/05/IMG_5292_DxO_small.jpg","IMG_5292_DxO_small","294",0,""
"1009","2021-05-21T11:49:10","img_6605_dxo_small","image","image/jpeg","https://lamickeyoga.com/wp-content/uploads/2021/05/IMG_6605_DxO_small.jpg","IMG_6605_DxO_small","294",0,""
"1008","2021-05-21T11:48:08","img_6082","image","image/jpeg","https://lamickeyoga.com/wp-content/uploads/2021/05/IMG_6082.jpg","IMG_6082","294",0,""
"976","2021-05-21T11:23:40","img_5416_dxo_small","image","image/jpeg","https://lamickeyoga.com/wp-content/uploads/2021/05/IMG_5416_DxO_small.jpg","IMG_5416_DxO_small","323",0,""
"975","2021-05-21T11:22:01","img_5050_dxo_small","image","image/jpeg","https://lamickeyoga.com/wp-content/uploads/2021/05/IMG_5050_DxO_small.jpg","IMG_5050_DxO_small","323",0,""
"971","2021-05-21T11:19:10","img_5453_dxo_small","image","image/jpeg","https://lamickeyoga.com/wp-content/uploads/2021/05/IMG_5453_DxO_small.jpg","IMG_5453_DxO_small","323",0,""
"963","2021-05-21T11:14:13","img_5062_dxo_small","image","image/jpeg","https://lamickeyoga.com/wp-content/uploads/2021/05/IMG_5062_DxO_small.jpg","IMG_5062_DxO_small","323",0,""
"962","2021-05-21T11:13:45","img_5077_dxo_small","image","image/jpeg","https://lamickeyoga.com/wp-content/uploads/2021/05/IMG_5077_DxO_small.jpg","IMG_5077_DxO_small","323",0,""
"961","2021-05-21T11:13:28","img_5102_dxo","image","image/jpeg","https://lamickeyoga.com/wp-content/uploads/2021/05/IMG_5102_DxO_small.jpg","IMG_5102_DxO","323",0,""
"939","2021-05-21T10:52:14","placeholder-png","image","image/png","https://lamickeyoga.com/wp-content/uploads/2021/05/placeholder.png","placeholder.png","null",0,""
"931","2021-05-21T10:17:55","img_6492","image","image/jpeg","https://lamickeyoga.com/wp-content/uploads/2021/05/IMG_6492.jpg","IMG_6492","254",0,""
"915","2021-05-21T10:11:34","img_5777","image","image/jpeg","https://lamickeyoga.com/wp-content/uploads/2021/05/IMG_5777.jpg","IMG_5777","254",0,""
"914","2021-05-21T10:09:25","img_6131","image","image/jpeg","https://lamickeyoga.com/wp-content/uploads/2021/05/IMG_6131.jpg","IMG_6131","254",0,""
"913","2021-05-21T10:04:39","img_5092_dxo","image","image/jpeg","https://lamickeyoga.com/wp-content/uploads/2021/05/IMG_5092_DxO-scaled.jpg","IMG_5092_DxO","254",0,""
"912","2021-05-21T10:00:48","img_5686_dxo_small","image","image/jpeg","https://lamickeyoga.com/wp-content/uploads/2021/05/IMG_5686_DxO_small.jpg","IMG_5686_DxO_small","254",0,""
"911","2021-05-21T09:59:16","img_6560_dxo_small","image","image/jpeg","https://lamickeyoga.com/wp-content/uploads/2021/05/IMG_6560_DxO_small.jpg","IMG_6560_DxO_small","254",0,""
"910","2021-05-21T09:58:58","img_6687_dxo","image","image/jpeg","https://lamickeyoga.com/wp-content/uploads/2021/05/IMG_6687_DxO_small.jpg","IMG_6687_DxO","254",0,""
"908","2021-05-21T09:58:43","img_5167_dxo_small","image","image/jpeg","https://lamickeyoga.com/wp-content/uploads/2021/05/IMG_5167_DxO_small.jpg","IMG_5167_DxO_small","254",0,""
"907","2021-05-21T09:57:41","img_5043_dxo_small","image","image/jpeg","https://lamickeyoga.com/wp-content/uploads/2021/05/IMG_5043_DxO_small-e1638380989973.jpg","IMG_5043_DxO_small","254",0,""
"762","2021-05-18T09:43:03","elementor-post-screenshot_758_2021-05-18-09-43-03_1499f45f-png","image","image/png","https://lamickeyoga.com/wp-content/uploads/elementor/screenshots/Elementor-post-screenshot_758_2021-05-18-09-43-03_1499f45f.png","Elementor-post-screenshot_758_2021-05-18-09-43-03_1499f45f.png","758",0,""
"760","2021-05-18T09:42:24","background-fallback-404-2-jpg","image","image/jpeg","https://lamickeyoga.com/wp-content/uploads/2021/05/background-Fallback-404.2.jpg","background-Fallback-404.2.jpg","null",0,""
"724","2021-05-14T12:32:17","logo_thin","image","image/svg+xml","https://lamickeyoga.com/wp-content/uploads/2021/05/Logo_thin.svg","Logo_thin","433",0,""
"714","2021-05-09T19:35:58","logo-3","image","image/svg+xml","https://lamickeyoga.com/wp-content/uploads/2021/05/Logo-3.svg","Logo 3","433",0,""
"705","2021-05-09T19:29:21","logo_fav-2-2","image","image/svg+xml","https://lamickeyoga.com/wp-content/uploads/2021/05/Logo_fav-2.svg","Logo_fav 2","414",0,""
"651","2021-05-09T18:12:52","logo_navi_horizontal-2-2","image","image/png","https://lamickeyoga.com/wp-content/uploads/2021/05/Logo_navi_horizontal-2.png","Logo_navi_horizontal 2","null",0,""
"650","2021-05-09T18:12:40","logo_navi_compact-3","image","image/png","https://lamickeyoga.com/wp-content/uploads/2021/05/Logo_navi_compact-1.png","Logo_navi_compact","null",0,""
"648","2021-05-09T18:08:27","logo_navi_horizontal-2","image","image/png","https://lamickeyoga.com/wp-content/uploads/2021/05/Logo_navi_horizontal-1.png","Logo_navi_horizontal","null",0,""
"644","2021-05-09T18:04:24","logo_navi_compact-2","image","image/png","https://lamickeyoga.com/wp-content/uploads/2021/05/Logo_navi_compact-2-scaled.png","Logo_navi_compact 2","null",0,""
"638","2021-05-09T17:57:04","logo_navi_horizontal","image","image/png","https://lamickeyoga.com/wp-content/uploads/2021/05/Logo_navi_horizontal.png","Logo_navi_horizontal","null",0,""
"636","2021-05-09T17:55:36","logo_navi_compact","image","image/png","https://lamickeyoga.com/wp-content/uploads/2021/05/Logo_navi_compact.png","Logo_navi_compact","null",0,""
"632","2021-05-09T17:36:14","logo_navi_b-4","image","image/png","https://lamickeyoga.com/wp-content/uploads/2021/05/Logo_navi_b-4-e1620582309215.png","Logo_navi_b 4","null",0,""
"618","2021-05-09T16:57:01","cropped-logo_21-05-09-2-png","image","image/png","https://lamickeyoga.com/wp-content/uploads/2021/05/cropped-Logo_21-05-09-2.png","cropped-Logo_21-05-09-2.png","null",0,""
"616","2021-05-09T16:53:37","cropped-logo_21-05-09-1-png","image","image/png","https://lamickeyoga.com/wp-content/uploads/2021/05/cropped-Logo_21-05-09-1.png","cropped-Logo_21-05-09-1.png","null",0,""
"615","2021-05-09T16:52:43","cropped-logo_21-05-09-png","image","image/png","https://lamickeyoga.com/wp-content/uploads/2021/05/cropped-Logo_21-05-09.png","cropped-Logo_21-05-09.png","null",0,""
"614","2021-05-09T16:49:44","logo_21-05-09-2","image","image/jpeg","https://lamickeyoga.com/wp-content/uploads/2021/05/Logo_21-05-09.jpg","Logo_21-05-09","null",0,""
"613","2021-05-09T16:49:08","logo_21-05-09","image","image/png","https://lamickeyoga.com/wp-content/uploads/2021/05/Logo_21-05-09.png","Logo_21-05-09","null",0,""
"575","2021-05-01T22:11:39","white_overlay_testimonny","image","image/png","https://lamickeyoga.com/wp-content/uploads/2021/05/white_overlay_testimonny.png","white_overlay_testimonny","254",0,""
"506","2021-05-01T17:35:23","teaching_smiling_on_mat","image","image/jpeg","https://lamickeyoga.com/wp-content/uploads/2021/05/teaching_smiling_on_mat.jpg","teaching_smiling_on_mat","null",0,""
"505","2021-05-01T17:35:23","split_with_estelle","image","image/jpeg","https://lamickeyoga.com/wp-content/uploads/2021/05/split_with_estelle.jpg","split_with_estelle","null",0,""
"504","2021-05-01T17:35:23","smile_hand_up_with_mat","image","image/jpeg","https://lamickeyoga.com/wp-content/uploads/2021/05/smile_hand_up_with_mat.jpg","smile_hand_up_with_mat","null",0,""
"503","2021-05-01T17:35:22","smile_hand_up_with_mat-1","image","image/jpeg","https://lamickeyoga.com/wp-content/uploads/2021/05/smile_hand_up_with_mat-1.jpg","smile_hand_up_with_mat (1)","null",0,""
"502","2021-05-01T17:35:22","shoulder_stretch","image","image/jpeg","https://lamickeyoga.com/wp-content/uploads/2021/05/shoulder_stretch.jpg","shoulder_stretch","null",0,""
"501","2021-05-01T17:35:21","moode","image","image/jpeg","https://lamickeyoga.com/wp-content/uploads/2021/05/moode.jpg","moode","null",0,""
"500","2021-05-01T17:35:21","lamicke_split","image","image/jpeg","https://lamickeyoga.com/wp-content/uploads/2021/05/lamicke_split.jpg","lamicke_split","null",0,""
"499","2021-05-01T17:35:20","infinity_sign_with_jenny","image","image/jpeg","https://lamickeyoga.com/wp-content/uploads/2021/05/infinity_sign_with_jenny.jpg","infinity_sign_with_jenny","null",0,""
"498","2021-05-01T17:35:20","how","image","image/jpeg","https://lamickeyoga.com/wp-content/uploads/2021/05/how.jpg","how","null",0,""
"497","2021-05-01T17:35:20","hmmmmmm_smiling_sit_pose","image","image/jpeg","https://lamickeyoga.com/wp-content/uploads/2021/05/hmmmmmm_smiling_sit_pose.jpg","hmmmmmm_smiling_sit_pose","null",0,""
"496","2021-05-01T17:35:19","bg_color_pallete","image","image/jpeg","https://lamickeyoga.com/wp-content/uploads/2021/05/bg_color_pallete.jpg","bg_color_pallete","null",0,""
"495","2021-05-01T17:35:19","another_relaxed_mood-2","image","image/jpeg","https://lamickeyoga.com/wp-content/uploads/2021/05/another_relaxed_mood-1.jpg","another_relaxed_mood","null",0,""
"494","2021-05-01T17:35:18","yellow_laught_energy_sitting_on_mat","image","image/jpeg","https://lamickeyoga.com/wp-content/uploads/2021/05/yellow_laught_energy_sitting_on_mat.jpg","yellow_laught_energy_sitting_on_mat","null",0,""
"493","2021-05-01T17:35:18","white_pant_low_lunch","image","image/jpeg","https://lamickeyoga.com/wp-content/uploads/2021/05/white_pant_low_lunch.jpg","white_pant_low_lunch","null",0,""
"492","2021-05-01T17:35:18","walkin_in_to_class_and_smiling","image","image/jpeg","https://lamickeyoga.com/wp-content/uploads/2021/05/walkin_in_to_class_and_smiling-e1638372897243.jpg","walkin_in_to_class_and_smiling","null",0,""
"491","2021-05-01T17:35:17","tree_pose_with_jenny","image","image/jpeg","https://lamickeyoga.com/wp-content/uploads/2021/05/tree_pose_with_jenny.jpg","tree_pose_with_jenny","null",0,""
"490","2021-05-01T17:35:17","teachng_worrior_with_jenny","image","image/jpeg","https://lamickeyoga.com/wp-content/uploads/2021/05/teachng_worrior_with_jenny.jpg","teachng_worrior_with_jenny","null",0,""
"489","2021-05-01T17:26:22","another_relaxed_mood","image","image/jpeg","https://lamickeyoga.com/wp-content/uploads/2021/05/another_relaxed_mood.jpg","another_relaxed_mood","null",0,""
"74","2021-04-05T12:10:58","meditating-couple-in-yoga-studio-6eaqn3p-1-jpg","image","image/jpeg","https://lamickeyoga.com/wp-content/uploads/2021/04/meditating-couple-in-yoga-studio-6EAQN3P-1.jpg","meditating-couple-in-yoga-studio-6EAQN3P-1.jpg","null",0,""
"71","2021-04-05T12:10:57","a-beautiful-girl-is-engaged-in-a-yoga-studio-xddcx6t-1-jpg","image","image/jpeg","https://lamickeyoga.com/wp-content/uploads/2021/04/a-beautiful-girl-is-engaged-in-a-yoga-studio-XDDCX6T-1.jpg","a-beautiful-girl-is-engaged-in-a-yoga-studio-XDDCX6T-1.jpg","null",0,""
"67","2021-04-05T12:10:56","yoga-concept-sportswoman-sitting-in-lotus-pose-zh55qf9-jpg","image","image/jpeg","https://lamickeyoga.com/wp-content/uploads/2021/04/yoga-concept-sportswoman-sitting-in-lotus-pose-ZH55QF9.jpg","yoga-concept-sportswoman-sitting-in-lotus-pose-ZH55QF9.jpg","null",0,""
"66","2021-04-05T12:10:53","woman-doing-yoga-in-a-hammock-gbhvs37-jpg","image","image/jpeg","https://lamickeyoga.com/wp-content/uploads/2021/04/woman-doing-yoga-in-a-hammock-GBHVS37.jpg","woman-doing-yoga-in-a-hammock-GBHVS37.jpg","null",0,""
"65","2021-04-05T12:10:52","wave-bg-4-png-2","image","image/png","https://lamickeyoga.com/wp-content/uploads/2021/04/wave-bg-4-1.png","wave-bg-4.png","null",0,""
"64","2021-04-05T12:10:52","wave-bg-4-png","image","image/png","https://lamickeyoga.com/wp-content/uploads/2021/04/wave-bg-4.png","wave-bg-4.png","null",0,""
"59","2021-04-05T12:10:39","elements-lotus-flower-logo-organic-spa-beauty-salon-ptwc7zh-1-png","image","image/png","https://lamickeyoga.com/wp-content/uploads/2021/04/elements-lotus-flower-logo-organic-spa-beauty-salon-PTWC7ZH-1.png","elements-lotus-flower-logo-organic-spa-beauty-salon-PTWC7ZH-1.png","null",0,""
"55","2021-04-05T12:10:36","wave-bg-footer-png","image","image/png","https://lamickeyoga.com/wp-content/uploads/2021/04/wave-bg-footer.png","wave-bg-footer.png","null",0,""
"54","2021-04-05T12:10:35","elements-lotus-flower-logo-organic-spa-beauty-salon-ptwc7zh-png","image","image/png","https://lamickeyoga.com/wp-content/uploads/2021/04/elements-lotus-flower-logo-organic-spa-beauty-salon-PTWC7ZH.png","elements-lotus-flower-logo-organic-spa-beauty-salon-PTWC7ZH.png","null",0,""
"49","2021-04-05T12:07:27","elements-abstract-collection-shapes-x8fygqg-5-png","image","image/png","https://lamickeyoga.com/wp-content/uploads/2021/04/elements-abstract-collection-shapes-X8FYGQG-5.png","elements-abstract-collection-shapes-X8FYGQG-5.png","null",0,""
"48","2021-04-05T12:07:26","young-woman-doing-supta-bhekasana-rx8x9ny-jpg","image","image/jpeg","https://lamickeyoga.com/wp-content/uploads/2021/04/young-woman-doing-supta-bhekasana-RX8X9NY.jpg","young-woman-doing-supta-bhekasana-RX8X9NY.jpg","null",0,""
"47","2021-04-05T12:07:24","wave-bg-3-png","image","image/png","https://lamickeyoga.com/wp-content/uploads/2021/04/wave-bg-3.png","wave-bg-3.png","null",0,""
"46","2021-04-05T12:07:22","sidebend-in-sukhasana-pose-p8cgs9f-jpg","image","image/jpeg","https://lamickeyoga.com/wp-content/uploads/2021/04/sidebend-in-sukhasana-pose-P8CGS9F.jpg","sidebend-in-sukhasana-pose-P8CGS9F.jpg","null",0,""
"45","2021-04-05T12:07:21","yoga-indoors-toestand-pose-p6cgv4a-jpg","image","image/jpeg","https://lamickeyoga.com/wp-content/uploads/2021/04/yoga-indoors-toestand-pose-P6CGV4A.jpg","yoga-indoors-toestand-pose-P6CGV4A.jpg","null",0,""
"44","2021-04-05T12:07:19","young-smiling-guy-sitting-on-a-fitness-mat-and-med-pkexump-jpg","image","image/jpeg","https://lamickeyoga.com/wp-content/uploads/2021/04/young-smiling-guy-sitting-on-a-fitness-mat-and-med-PKEXUMP.jpg","young-smiling-guy-sitting-on-a-fitness-mat-and-med-PKEXUMP.jpg","null",0,""
"43","2021-04-05T12:07:17","young-fit-woman-doing-yoga-exercise-4pt8z3x-jpg","image","image/jpeg","https://lamickeyoga.com/wp-content/uploads/2021/04/young-fit-woman-doing-yoga-exercise-4PT8Z3X.jpg","young-fit-woman-doing-yoga-exercise-4PT8Z3X.jpg","null",0,""
"42","2021-04-05T12:07:16","young-woman-stretching-legs-6jbaxwf-jpg","image","image/jpeg","https://lamickeyoga.com/wp-content/uploads/2021/04/young-woman-stretching-legs-6JBAXWF.jpg","young-woman-stretching-legs-6JBAXWF.jpg","null",0,""
"41","2021-04-05T12:07:15","smiling-lady-in-eyeglasses-and-dress-standing-with-sbak95c-jpg","image","image/jpeg","https://lamickeyoga.com/wp-content/uploads/2021/04/smiling-lady-in-eyeglasses-and-dress-standing-with-SBAK95C.jpg","smiling-lady-in-eyeglasses-and-dress-standing-with-SBAK95C.jpg","null",0,""
"40","2021-04-05T12:07:14","elements-lotus-flower-logo-organic-spa-beauty-salon-ptwc7zh-2-png","image","image/png","https://lamickeyoga.com/wp-content/uploads/2021/04/elements-lotus-flower-logo-organic-spa-beauty-salon-PTWC7ZH-2.png","elements-lotus-flower-logo-organic-spa-beauty-salon-PTWC7ZH-2.png","null",0,""
"39","2021-04-05T12:07:12","wave-bg-2-png","image","image/png","https://lamickeyoga.com/wp-content/uploads/2021/04/wave-bg-2.png","wave-bg-2.png","null",0,""
"38","2021-04-05T12:07:10","group-of-people-making-yoga-exercises-at-studio-p5qeceg-jpg","image","image/jpeg","https://lamickeyoga.com/wp-content/uploads/2021/04/group-of-people-making-yoga-exercises-at-studio-P5QECEG.jpg","group-of-people-making-yoga-exercises-at-studio-P5QECEG.jpg","null",0,""
"37","2021-04-05T12:07:08","elements-abstract-collection-shapes-x8fygqg-4-png","image","image/png","https://lamickeyoga.com/wp-content/uploads/2021/04/elements-abstract-collection-shapes-X8FYGQG-4.png","elements-abstract-collection-shapes-X8FYGQG-4.png","null",0,""
"36","2021-04-05T12:07:07","wave-image-png","image","image/png","https://lamickeyoga.com/wp-content/uploads/2021/04/wave-image.png","wave-image.png","null",0,""
"35","2021-04-05T12:07:06","young-thoughtful-woman-in-sporty-top-and-white-leg-xycrpqt-jpg","image","image/jpeg","https://lamickeyoga.com/wp-content/uploads/2021/04/young-thoughtful-woman-in-sporty-top-and-white-leg-XYCRPQT.jpg","young-thoughtful-woman-in-sporty-top-and-white-leg-XYCRPQT.jpg","null",0,""
"34","2021-04-05T12:07:05","woman-meditating-at-yoga-studio-p2tgvnj-jpg","image","image/jpeg","https://lamickeyoga.com/wp-content/uploads/2021/04/woman-meditating-at-yoga-studio-P2TGVNJ.jpg","woman-meditating-at-yoga-studio-P2TGVNJ.jpg","null",0,""
"33","2021-04-05T12:07:03","brunette-fitness-woman-sit-on-rug-indoors-at-home-qaqeezx-jpg","image","image/jpeg","https://lamickeyoga.com/wp-content/uploads/2021/04/brunette-fitness-woman-sit-on-rug-indoors-at-home-QAQEEZX.jpg","brunette-fitness-woman-sit-on-rug-indoors-at-home-QAQEEZX.jpg","null",0,""
"32","2021-04-05T12:07:01","group-of-three-people-doing-a-crow-yoga-pose-zrqpxmc-1-jpg","image","image/jpeg","https://lamickeyoga.com/wp-content/uploads/2021/04/group-of-three-people-doing-a-crow-yoga-pose-ZRQPXMC-1.jpg","group-of-three-people-doing-a-crow-yoga-pose-ZRQPXMC-1.jpg","null",0,""
"31","2021-04-05T12:06:58","elements-50-yoga-poses-line-icons-hgvm3m-class-4-png","image","image/png","https://lamickeyoga.com/wp-content/uploads/2021/04/elements-50-yoga-poses-line-icons-HGVM3M-class-4.png","elements-50-yoga-poses-line-icons-HGVM3M-class-4.png","null",0,""
"30","2021-04-05T12:06:57","woman-doing-triangle-yoga-pose-indoors-r2gn9dv-jpg","image","image/jpeg","https://lamickeyoga.com/wp-content/uploads/2021/04/woman-doing-triangle-yoga-pose-indoors-R2GN9DV.jpg","woman-doing-triangle-yoga-pose-indoors-R2GN9DV.jpg","null",0,""
"29","2021-04-05T12:06:56","elements-50-yoga-poses-line-icons-hgvm3m-class-3-png","image","image/png","https://lamickeyoga.com/wp-content/uploads/2021/04/elements-50-yoga-poses-line-icons-HGVM3M-class-3.png","elements-50-yoga-poses-line-icons-HGVM3M-class-3.png","null",0,""
"28","2021-04-05T12:06:55","young-attractive-woman-relaxing-and-practicing-yog-q8xlwyf-jpg","image","image/jpeg","https://lamickeyoga.com/wp-content/uploads/2021/04/young-attractive-woman-relaxing-and-practicing-yog-Q8XLWYF.jpg","young-attractive-woman-relaxing-and-practicing-yog-Q8XLWYF.jpg","null",0,""
"27","2021-04-05T12:06:54","elements-50-yoga-poses-line-icons-hgvm3m-class-2-png","image","image/png","https://lamickeyoga.com/wp-content/uploads/2021/04/elements-50-yoga-poses-line-icons-HGVM3M-class-2.png","elements-50-yoga-poses-line-icons-HGVM3M-class-2.png","null",0,""
"26","2021-04-05T12:06:52","woman-practicing-yoga-at-home-vxzrf8d-jpg","image","image/jpeg","https://lamickeyoga.com/wp-content/uploads/2021/04/woman-practicing-yoga-at-home-VXZRF8D.jpg","woman-practicing-yoga-at-home-VXZRF8D.jpg","null",0,""
"25","2021-04-05T12:06:51","elements-abstract-collection-shapes-x8fygqg-3-png","image","image/png","https://lamickeyoga.com/wp-content/uploads/2021/04/elements-abstract-collection-shapes-X8FYGQG-3.png","elements-abstract-collection-shapes-X8FYGQG-3.png","null",0,""
"24","2021-04-05T12:06:50","elements-50-yoga-poses-line-icons-hgvm3m-class-1-png","image","image/png","https://lamickeyoga.com/wp-content/uploads/2021/04/elements-50-yoga-poses-line-icons-HGVM3M-class-1.png","elements-50-yoga-poses-line-icons-HGVM3M-class-1.png","null",0,""
"23","2021-04-05T12:06:49","meditation-during-yoga-49hp3ef-jpg","image","image/jpeg","https://lamickeyoga.com/wp-content/uploads/2021/04/meditation-during-yoga-49HP3EF.jpg","meditation-during-yoga-49HP3EF.jpg","null",0,""
"22","2021-04-05T12:06:47","elements-abstract-collection-shapes-x8fygqg-2-png","image","image/png","https://lamickeyoga.com/wp-content/uploads/2021/04/elements-abstract-collection-shapes-X8FYGQG-2.png","elements-abstract-collection-shapes-X8FYGQG-2.png","null",0,""
"21","2021-04-05T12:06:46","elements-50-yoga-poses-line-icons-hgvm3m-4-png","image","image/png","https://lamickeyoga.com/wp-content/uploads/2021/04/elements-50-yoga-poses-line-icons-HGVM3M-4.png","elements-50-yoga-poses-line-icons-HGVM3M-4.png","null",0,""
"20","2021-04-05T12:06:45","elements-50-yoga-poses-line-icons-hgvm3m-3-png","image","image/png","https://lamickeyoga.com/wp-content/uploads/2021/04/elements-50-yoga-poses-line-icons-HGVM3M-3.png","elements-50-yoga-poses-line-icons-HGVM3M-3.png","null",0,""
"19","2021-04-05T12:06:44","elements-50-yoga-poses-line-icons-hgvm3m-2-png","image","image/png","https://lamickeyoga.com/wp-content/uploads/2021/04/elements-50-yoga-poses-line-icons-HGVM3M-2.png","elements-50-yoga-poses-line-icons-HGVM3M-2.png","null",0,""
"18","2021-04-05T12:06:43","elements-50-yoga-poses-line-icons-hgvm3m-png","image","image/png","https://lamickeyoga.com/wp-content/uploads/2021/04/elements-50-yoga-poses-line-icons-HGVM3M.png","elements-50-yoga-poses-line-icons-HGVM3M.png","null",0,""
"17","2021-04-05T12:06:41","elements-abstract-collection-shapes-x8fygqg-png","image","image/png","https://lamickeyoga.com/wp-content/uploads/2021/04/elements-abstract-collection-shapes-X8FYGQG.png","elements-abstract-collection-shapes-X8FYGQG.png","null",0,""
"16","2021-04-05T12:06:40","beautiful-concentrated-young-caucasian-woman-lgrpyfl-png","image","image/png","https://lamickeyoga.com/wp-content/uploads/2021/04/beautiful-concentrated-young-caucasian-woman-LGRPYFL.png","beautiful-concentrated-young-caucasian-woman-LGRPYFL.png","null",0,""
"15","2021-04-05T12:06:38","wave-bg-png","image","image/png","https://lamickeyoga.com/wp-content/uploads/2021/04/wave-bg.png","wave-bg.png","null",0,""
"14","2021-04-05T12:06:36","hero-content-bg-png","image","image/png","https://lamickeyoga.com/wp-content/uploads/2021/04/hero-content-bg.png","hero-content-bg.png","null",0,""
"13","2021-04-05T12:06:34","hero-bg-png","image","image/png","https://lamickeyoga.com/wp-content/uploads/2021/04/hero-bg.png","hero-bg.png","null",0,""
"12","2021-04-05T12:06:33","yoga-indoors-eka-pada-rajakapotasana-p826std-jpg","image","image/jpeg","https://lamickeyoga.com/wp-content/uploads/2021/04/yoga-indoors-eka-pada-rajakapotasana-P826STD.jpg","yoga-indoors-eka-pada-rajakapotasana-P826STD.jpg","null",0,""
