source_url,source_path_hint,wix_media_target,wix_page_refs,wp_attached_page_slug,notes
"https://lamickeyoga.com/wp-content/uploads/2025/11/Fuchsia-and-Dark-Pink-Sip-and-Paint-Party-Invitation-Instagram-Post-1.png","/wp-content/uploads/2025/11/Fuchsia-and-Dark-Pink-Sip-and-Paint-Party-Invitation-Instagram-Post-1.png","","""https://lamickeyoga.com/events/""","",""
"https://lamickeyoga.com/wp-content/uploads/woocommerce-placeholder.png","/wp-content/uploads/woocommerce-placeholder.png","","","",""
"https://lamickeyoga.com/wp-content/uploads/2022/07/Flyer_En.png","/wp-content/uploads/2022/07/Flyer_En.png","","","",""
"https://lamickeyoga.com/wp-content/uploads/2022/07/Flyer_De.png","/wp-content/uploads/2022/07/Flyer_De.png","","","",""
"https://lamickeyoga.com/wp-content/uploads/2022/02/WhatsApp-Image-2022-01-06-at-14.44.52.jpeg","/wp-content/uploads/2022/02/WhatsApp-Image-2022-01-06-at-14.44.52.jpeg","","""https://lamickeyoga.com/""","",""
"https://lamickeyoga.com/wp-content/uploads/2021/12/placeholder-13.png","/wp-content/uploads/2021/12/placeholder-13.png","","","",""
"https://lamickeyoga.com/wp-content/uploads/2021/12/placeholder-12.png","/wp-content/uploads/2021/12/placeholder-12.png","","","",""
"https://lamickeyoga.com/wp-content/uploads/2021/12/placeholder-11.png","/wp-content/uploads/2021/12/placeholder-11.png","","","",""
"https://lamickeyoga.com/wp-content/uploads/2021/12/placeholder-10.png","/wp-content/uploads/2021/12/placeholder-10.png","","","",""
"https://lamickeyoga.com/wp-content/uploads/2021/12/placeholder-9.png","/wp-content/uploads/2021/12/placeholder-9.png","","","",""
"https://lamickeyoga.com/wp-content/uploads/2021/12/IMG_5034_DxO_adobespark-scaled.png","/wp-content/uploads/2021/12/IMG_5034_DxO_adobespark-scaled.png","","","",""
"https://lamickeyoga.com/wp-content/uploads/2021/12/IMG_5252_DxO-scaled.png","/wp-content/uploads/2021/12/IMG_5252_DxO-scaled.png","","","",""
"https://lamickeyoga.com/wp-content/uploads/2021/12/placeholder-8.png","/wp-content/uploads/2021/12/placeholder-8.png","","","",""
"https://lamickeyoga.com/wp-content/uploads/2021/12/IMG_5034_DxO_small.jpg","/wp-content/uploads/2021/12/IMG_5034_DxO_small.jpg","","","",""
"https://lamickeyoga.com/wp-content/uploads/2021/12/placeholder-7.png","/wp-content/uploads/2021/12/placeholder-7.png","","","",""
"https://lamickeyoga.com/wp-content/uploads/2021/12/placeholder-6.png","/wp-content/uploads/2021/12/placeholder-6.png","","","",""
"https://lamickeyoga.com/wp-content/uploads/2021/12/placeholder-5.png","/wp-content/uploads/2021/12/placeholder-5.png","","","",""
"https://lamickeyoga.com/wp-content/uploads/2021/12/placeholder-4.png","/wp-content/uploads/2021/12/placeholder-4.png","","","",""
"https://lamickeyoga.com/wp-content/uploads/2021/12/placeholder-3.png","/wp-content/uploads/2021/12/placeholder-3.png","","","",""
"https://lamickeyoga.com/wp-content/uploads/2021/12/placeholder-2.png","/wp-content/uploads/2021/12/placeholder-2.png","","","",""
"https://lamickeyoga.com/wp-content/uploads/2021/12/placeholder-1.png","/wp-content/uploads/2021/12/placeholder-1.png","","","",""
"https://lamickeyoga.com/wp-content/uploads/2021/12/placeholder.png","/wp-content/uploads/2021/12/placeholder.png","","","",""
"https://lamickeyoga.com/wp-content/uploads/2021/05/Logo_thin_de.svg","/wp-content/uploads/2021/05/Logo_thin_de.svg","","","",""
"https://lamickeyoga.com/wp-content/uploads/2021/12/in_the_park_white-format2-e1638379396550.jpg","/wp-content/uploads/2021/12/in_the_park_white-format2-e1638379396550.jpg","","""https://lamickeyoga.com/about/""","",""
"https://lamickeyoga.com/wp-content/uploads/2021/12/atabs.png","/wp-content/uploads/2021/12/atabs.png","","""https://lamickeyoga.com/""","",""
"https://lamickeyoga.com/wp-content/uploads/2021/12/IMG_3540-rotated-e1638361837622.jpg","/wp-content/uploads/2021/12/IMG_3540-rotated-e1638361837622.jpg","","""https://lamickeyoga.com/""","",""
"https://lamickeyoga.com/wp-content/uploads/2021/12/jule-e1638361868923.jpg","/wp-content/uploads/2021/12/jule-e1638361868923.jpg","","","",""
"https://lamickeyoga.com/wp-content/uploads/2021/12/Visual-bg_web.jpg","/wp-content/uploads/2021/12/Visual-bg_web.jpg","","","",""
"https://lamickeyoga.com/wp-content/uploads/2021/12/Visual_web_bg-turquois.png","/wp-content/uploads/2021/12/Visual_web_bg-turquois.png","","","",""
"https://lamickeyoga.com/wp-content/uploads/2021/12/Visual_web_turquoise_mobile.png","/wp-content/uploads/2021/12/Visual_web_turquoise_mobile.png","","","",""
"https://lamickeyoga.com/wp-content/uploads/2021/12/Jo.png","/wp-content/uploads/2021/12/Jo.png","","""https://lamickeyoga.com/""","",""
"https://lamickeyoga.com/wp-content/uploads/2021/12/Visual_web_bg-turquois_tinified.png","/wp-content/uploads/2021/12/Visual_web_bg-turquois_tinified.png","","","",""
"https://lamickeyoga.com/wp-content/uploads/2021/11/Visual_web.png","/wp-content/uploads/2021/11/Visual_web.png","","","",""
"https://lamickeyoga.com/wp-content/uploads/2021/11/Visual_web_tinified.png","/wp-content/uploads/2021/11/Visual_web_tinified.png","","","",""
"https://lamickeyoga.com/wp-content/uploads/2021/11/aanyou.png","/wp-content/uploads/2021/11/aanyou.png","","""https://lamickeyoga.com/""","",""
"https://lamickeyoga.com/wp-content/uploads/2021/11/Anyi.png","/wp-content/uploads/2021/11/Anyi.png","","","",""
"https://lamickeyoga.com/wp-content/uploads/2021/11/Silviaaa.png","/wp-content/uploads/2021/11/Silviaaa.png","","""https://lamickeyoga.com/""","",""
"https://lamickeyoga.com/wp-content/uploads/2021/11/Team-Work.jpg","/wp-content/uploads/2021/11/Team-Work.jpg","","","",""
"https://lamickeyoga.com/wp-content/uploads/2021/11/Plank.jpg","/wp-content/uploads/2021/11/Plank.jpg","","","",""
"https://lamickeyoga.com/wp-content/uploads/2021/11/IMG_6149.jpg","/wp-content/uploads/2021/11/IMG_6149.jpg","","","",""
"https://lamickeyoga.com/wp-content/uploads/2021/11/IMG_6143.jpg","/wp-content/uploads/2021/11/IMG_6143.jpg","","""https://lamickeyoga.com/pricing/""","",""
"https://lamickeyoga.com/wp-content/uploads/2021/11/IMG_5869.jpg","/wp-content/uploads/2021/11/IMG_5869.jpg","","","",""
"https://lamickeyoga.com/wp-content/uploads/2021/11/IMG_5316.jpg","/wp-content/uploads/2021/11/IMG_5316.jpg","","""https://lamickeyoga.com/events/""","",""
"https://lamickeyoga.com/wp-content/uploads/2021/11/IMG_6474.jpg","/wp-content/uploads/2021/11/IMG_6474.jpg","","","",""
"https://lamickeyoga.com/wp-content/uploads/2021/11/IMG_6454.jpg","/wp-content/uploads/2021/11/IMG_6454.jpg","","","",""
"https://lamickeyoga.com/wp-content/uploads/2021/11/Workshops.jpg","/wp-content/uploads/2021/11/Workshops.jpg","","""https://lamickeyoga.com/events/""","",""
"https://lamickeyoga.com/wp-content/uploads/2021/11/Restorative.jpg","/wp-content/uploads/2021/11/Restorative.jpg","","","",""
"https://lamickeyoga.com/wp-content/uploads/2021/11/Visual_210515.png","/wp-content/uploads/2021/11/Visual_210515.png","","","",""
"https://lamickeyoga.com/wp-content/uploads/2021/11/Yin-yoga.jpg","/wp-content/uploads/2021/11/Yin-yoga.jpg","","""https://lamickeyoga.com/events/""","",""
"https://lamickeyoga.com/wp-content/uploads/2021/11/IMG_5252.jpg","/wp-content/uploads/2021/11/IMG_5252.jpg","","","",""
"https://lamickeyoga.com/wp-content/uploads/2021/11/Office-Yoga.png","/wp-content/uploads/2021/11/Office-Yoga.png","","""https://lamickeyoga.com/corporate-yoga/""","",""
"https://lamickeyoga.com/wp-content/uploads/2021/11/20200724_134929-scaled.jpg","/wp-content/uploads/2021/11/20200724_134929-scaled.jpg","","""https://lamickeyoga.com/corporate-yoga/""","",""
"https://lamickeyoga.com/wp-content/uploads/2021/11/Business-Yoga.pdf","/wp-content/uploads/2021/11/Business-Yoga.pdf","","""https://lamickeyoga.com/corporate-yoga/""","",""
"https://lamickeyoga.com/wp-content/uploads/2021/11/Celina.png","/wp-content/uploads/2021/11/Celina.png","","""https://lamickeyoga.com/""","",""
"https://lamickeyoga.com/wp-content/uploads/2021/11/image0.jpeg","/wp-content/uploads/2021/11/image0.jpeg","","","",""
"https://lamickeyoga.com/wp-content/uploads/2021/11/zhang-kaiyv-411983-unsplash.jpg","/wp-content/uploads/2021/11/zhang-kaiyv-411983-unsplash.jpg","","","",""
"https://lamickeyoga.com/wp-content/uploads/2021/11/jeremy-bishop-104868-unsplash.jpg","/wp-content/uploads/2021/11/jeremy-bishop-104868-unsplash.jpg","","","",""
"https://lamickeyoga.com/wp-content/uploads/2021/11/louis-magnotti-27204-unsplash.jpg","/wp-content/uploads/2021/11/louis-magnotti-27204-unsplash.jpg","","","",""
"https://lamickeyoga.com/wp-content/uploads/2021/11/pattern1.jpg","/wp-content/uploads/2021/11/pattern1.jpg","","","",""
"https://lamickeyoga.com/wp-content/uploads/2021/11/2021-11-30_15-57-16.png","/wp-content/uploads/2021/11/2021-11-30_15-57-16.png","","""https://lamickeyoga.com/""","",""
"https://lamickeyoga.com/wp-content/uploads/2021/11/My-Post.png","/wp-content/uploads/2021/11/My-Post.png","","","",""
"https://lamickeyoga.com/wp-content/uploads/2021/11/IMG_5416_DxO_LoRes_adobespark-e1638210781683.png","/wp-content/uploads/2021/11/IMG_5416_DxO_LoRes_adobespark-e1638210781683.png","","","",""
"https://lamickeyoga.com/wp-content/uploads/2021/11/IMG_5416_DxO_small_adobespark-1-e1638190237287.png","/wp-content/uploads/2021/11/IMG_5416_DxO_small_adobespark-1-e1638190237287.png","","","",""
"https://lamickeyoga.com/wp-content/uploads/2021/11/placeholder.png","/wp-content/uploads/2021/11/placeholder.png","","","",""
"https://lamickeyoga.com/wp-content/uploads/2021/05/MG_9099.jpg","/wp-content/uploads/2021/05/MG_9099.jpg","","","",""
"https://lamickeyoga.com/wp-content/uploads/2021/05/architecture-bay-bay-bridge-1006965.jpg","/wp-content/uploads/2021/05/architecture-bay-bay-bridge-1006965.jpg","","","",""
"https://lamickeyoga.com/wp-content/uploads/2021/05/william-krause-622690-unsplash.jpg","/wp-content/uploads/2021/05/william-krause-622690-unsplash.jpg","","","",""
"https://lamickeyoga.com/wp-content/uploads/2021/05/in_the_park_white-e1638373306837.jpg","/wp-content/uploads/2021/05/in_the_park_white-e1638373306837.jpg","","","",""
"https://lamickeyoga.com/wp-content/uploads/2021/05/IMG_5292_DxO_small.jpg","/wp-content/uploads/2021/05/IMG_5292_DxO_small.jpg","","""https://lamickeyoga.com/about/""","",""
"https://lamickeyoga.com/wp-content/uploads/2021/05/IMG_6605_DxO_small.jpg","/wp-content/uploads/2021/05/IMG_6605_DxO_small.jpg","","""https://lamickeyoga.com/about/""","",""
"https://lamickeyoga.com/wp-content/uploads/2021/05/IMG_6082.jpg","/wp-content/uploads/2021/05/IMG_6082.jpg","","""https://lamickeyoga.com/about/""","",""
"https://lamickeyoga.com/wp-content/uploads/2021/05/IMG_5416_DxO_small.jpg","/wp-content/uploads/2021/05/IMG_5416_DxO_small.jpg","","","",""
"https://lamickeyoga.com/wp-content/uploads/2021/05/IMG_5050_DxO_small.jpg","/wp-content/uploads/2021/05/IMG_5050_DxO_small.jpg","","""https://lamickeyoga.com/events/""","",""
"https://lamickeyoga.com/wp-content/uploads/2021/05/IMG_5453_DxO_small.jpg","/wp-content/uploads/2021/05/IMG_5453_DxO_small.jpg","","""https://lamickeyoga.com/corporate-yoga/""","",""
"https://lamickeyoga.com/wp-content/uploads/2021/05/IMG_5062_DxO_small.jpg","/wp-content/uploads/2021/05/IMG_5062_DxO_small.jpg","","","",""
"https://lamickeyoga.com/wp-content/uploads/2021/05/IMG_5077_DxO_small.jpg","/wp-content/uploads/2021/05/IMG_5077_DxO_small.jpg","","","",""
"https://lamickeyoga.com/wp-content/uploads/2021/05/IMG_5102_DxO_small.jpg","/wp-content/uploads/2021/05/IMG_5102_DxO_small.jpg","","","",""
"https://lamickeyoga.com/wp-content/uploads/2021/05/placeholder.png","/wp-content/uploads/2021/05/placeholder.png","","","",""
"https://lamickeyoga.com/wp-content/uploads/2021/05/IMG_6492.jpg","/wp-content/uploads/2021/05/IMG_6492.jpg","","""https://lamickeyoga.com/""|""https://lamickeyoga.com/pricing/""","",""
"https://lamickeyoga.com/wp-content/uploads/2021/05/IMG_5777.jpg","/wp-content/uploads/2021/05/IMG_5777.jpg","","","",""
"https://lamickeyoga.com/wp-content/uploads/2021/05/IMG_6131.jpg","/wp-content/uploads/2021/05/IMG_6131.jpg","","","",""
"https://lamickeyoga.com/wp-content/uploads/2021/05/IMG_5092_DxO-scaled.jpg","/wp-content/uploads/2021/05/IMG_5092_DxO-scaled.jpg","","""https://lamickeyoga.com/events/""","",""
"https://lamickeyoga.com/wp-content/uploads/2021/05/IMG_5686_DxO_small.jpg","/wp-content/uploads/2021/05/IMG_5686_DxO_small.jpg","","""https://lamickeyoga.com/corporate-yoga/""","",""
"https://lamickeyoga.com/wp-content/uploads/2021/05/IMG_6560_DxO_small.jpg","/wp-content/uploads/2021/05/IMG_6560_DxO_small.jpg","","""https://lamickeyoga.com/""|""https://lamickeyoga.com/events/""","",""
"https://lamickeyoga.com/wp-content/uploads/2021/05/IMG_6687_DxO_small.jpg","/wp-content/uploads/2021/05/IMG_6687_DxO_small.jpg","","""https://lamickeyoga.com/""|""https://lamickeyoga.com/corporate-yoga/""","",""
"https://lamickeyoga.com/wp-content/uploads/2021/05/IMG_5167_DxO_small.jpg","/wp-content/uploads/2021/05/IMG_5167_DxO_small.jpg","","""https://lamickeyoga.com/""","",""
"https://lamickeyoga.com/wp-content/uploads/2021/05/IMG_5043_DxO_small-e1638380989973.jpg","/wp-content/uploads/2021/05/IMG_5043_DxO_small-e1638380989973.jpg","","""https://lamickeyoga.com/""","",""
"https://lamickeyoga.com/wp-content/uploads/elementor/screenshots/Elementor-post-screenshot_758_2021-05-18-09-43-03_1499f45f.png","/wp-content/uploads/elementor/screenshots/Elementor-post-screenshot_758_2021-05-18-09-43-03_1499f45f.png","","","",""
"https://lamickeyoga.com/wp-content/uploads/2021/05/background-Fallback-404.2.jpg","/wp-content/uploads/2021/05/background-Fallback-404.2.jpg","","","",""
"https://lamickeyoga.com/wp-content/uploads/2021/05/Logo_thin.svg","/wp-content/uploads/2021/05/Logo_thin.svg","","","",""
"https://lamickeyoga.com/wp-content/uploads/2021/05/Logo-3.svg","/wp-content/uploads/2021/05/Logo-3.svg","","","",""
"https://lamickeyoga.com/wp-content/uploads/2021/05/Logo_fav-2.svg","/wp-content/uploads/2021/05/Logo_fav-2.svg","","","",""
"https://lamickeyoga.com/wp-content/uploads/2021/05/Logo_navi_horizontal-2.png","/wp-content/uploads/2021/05/Logo_navi_horizontal-2.png","","","",""
"https://lamickeyoga.com/wp-content/uploads/2021/05/Logo_navi_compact-1.png","/wp-content/uploads/2021/05/Logo_navi_compact-1.png","","","",""
"https://lamickeyoga.com/wp-content/uploads/2021/05/Logo_navi_horizontal-1.png","/wp-content/uploads/2021/05/Logo_navi_horizontal-1.png","","","",""
"https://lamickeyoga.com/wp-content/uploads/2021/05/Logo_navi_compact-2-scaled.png","/wp-content/uploads/2021/05/Logo_navi_compact-2-scaled.png","","","",""
"https://lamickeyoga.com/wp-content/uploads/2021/05/Logo_navi_horizontal.png","/wp-content/uploads/2021/05/Logo_navi_horizontal.png","","","",""
"https://lamickeyoga.com/wp-content/uploads/2021/05/Logo_navi_compact.png","/wp-content/uploads/2021/05/Logo_navi_compact.png","","","",""
"https://lamickeyoga.com/wp-content/uploads/2021/05/Logo_navi_b-4-e1620582309215.png","/wp-content/uploads/2021/05/Logo_navi_b-4-e1620582309215.png","","","",""
"https://lamickeyoga.com/wp-content/uploads/2021/05/cropped-Logo_21-05-09-2.png","/wp-content/uploads/2021/05/cropped-Logo_21-05-09-2.png","","""https://lamickeyoga.com/""","",""
"https://lamickeyoga.com/wp-content/uploads/2021/05/cropped-Logo_21-05-09-1.png","/wp-content/uploads/2021/05/cropped-Logo_21-05-09-1.png","","","",""
"https://lamickeyoga.com/wp-content/uploads/2021/05/cropped-Logo_21-05-09.png","/wp-content/uploads/2021/05/cropped-Logo_21-05-09.png","","","",""
"https://lamickeyoga.com/wp-content/uploads/2021/05/Logo_21-05-09.jpg","/wp-content/uploads/2021/05/Logo_21-05-09.jpg","","","",""
"https://lamickeyoga.com/wp-content/uploads/2021/05/Logo_21-05-09.png","/wp-content/uploads/2021/05/Logo_21-05-09.png","","","",""
"https://lamickeyoga.com/wp-content/uploads/2021/05/white_overlay_testimonny.png","/wp-content/uploads/2021/05/white_overlay_testimonny.png","","","",""
"https://lamickeyoga.com/wp-content/uploads/2021/05/teaching_smiling_on_mat.jpg","/wp-content/uploads/2021/05/teaching_smiling_on_mat.jpg","","""https://lamickeyoga.com/events/""","",""
"https://lamickeyoga.com/wp-content/uploads/2021/05/split_with_estelle.jpg","/wp-content/uploads/2021/05/split_with_estelle.jpg","","""https://lamickeyoga.com/""","",""
"https://lamickeyoga.com/wp-content/uploads/2021/05/smile_hand_up_with_mat.jpg","/wp-content/uploads/2021/05/smile_hand_up_with_mat.jpg","","""https://lamickeyoga.com/""","",""
"https://lamickeyoga.com/wp-content/uploads/2021/05/smile_hand_up_with_mat-1.jpg","/wp-content/uploads/2021/05/smile_hand_up_with_mat-1.jpg","","","",""
"https://lamickeyoga.com/wp-content/uploads/2021/05/shoulder_stretch.jpg","/wp-content/uploads/2021/05/shoulder_stretch.jpg","","","",""
"https://lamickeyoga.com/wp-content/uploads/2021/05/moode.jpg","/wp-content/uploads/2021/05/moode.jpg","","","",""
"https://lamickeyoga.com/wp-content/uploads/2021/05/lamicke_split.jpg","/wp-content/uploads/2021/05/lamicke_split.jpg","","","",""
"https://lamickeyoga.com/wp-content/uploads/2021/05/infinity_sign_with_jenny.jpg","/wp-content/uploads/2021/05/infinity_sign_with_jenny.jpg","","""https://lamickeyoga.com/""|""https://lamickeyoga.com/about/""|""https://lamickeyoga.com/pricing/""","",""
"https://lamickeyoga.com/wp-content/uploads/2021/05/how.jpg","/wp-content/uploads/2021/05/how.jpg","","","",""
"https://lamickeyoga.com/wp-content/uploads/2021/05/hmmmmmm_smiling_sit_pose.jpg","/wp-content/uploads/2021/05/hmmmmmm_smiling_sit_pose.jpg","","""https://lamickeyoga.com/events/""","",""
"https://lamickeyoga.com/wp-content/uploads/2021/05/bg_color_pallete.jpg","/wp-content/uploads/2021/05/bg_color_pallete.jpg","","","",""
"https://lamickeyoga.com/wp-content/uploads/2021/05/another_relaxed_mood-1.jpg","/wp-content/uploads/2021/05/another_relaxed_mood-1.jpg","","""https://lamickeyoga.com/events/""","",""
"https://lamickeyoga.com/wp-content/uploads/2021/05/yellow_laught_energy_sitting_on_mat.jpg","/wp-content/uploads/2021/05/yellow_laught_energy_sitting_on_mat.jpg","","","",""
"https://lamickeyoga.com/wp-content/uploads/2021/05/white_pant_low_lunch.jpg","/wp-content/uploads/2021/05/white_pant_low_lunch.jpg","","","",""
"https://lamickeyoga.com/wp-content/uploads/2021/05/walkin_in_to_class_and_smiling-e1638372897243.jpg","/wp-content/uploads/2021/05/walkin_in_to_class_and_smiling-e1638372897243.jpg","","","",""
"https://lamickeyoga.com/wp-content/uploads/2021/05/tree_pose_with_jenny.jpg","/wp-content/uploads/2021/05/tree_pose_with_jenny.jpg","","""https://lamickeyoga.com/events/""","",""
"https://lamickeyoga.com/wp-content/uploads/2021/05/teachng_worrior_with_jenny.jpg","/wp-content/uploads/2021/05/teachng_worrior_with_jenny.jpg","","","",""
"https://lamickeyoga.com/wp-content/uploads/2021/05/another_relaxed_mood.jpg","/wp-content/uploads/2021/05/another_relaxed_mood.jpg","","","",""
"https://lamickeyoga.com/wp-content/uploads/2021/04/meditating-couple-in-yoga-studio-6EAQN3P-1.jpg","/wp-content/uploads/2021/04/meditating-couple-in-yoga-studio-6EAQN3P-1.jpg","","","",""
"https://lamickeyoga.com/wp-content/uploads/2021/04/a-beautiful-girl-is-engaged-in-a-yoga-studio-XDDCX6T-1.jpg","/wp-content/uploads/2021/04/a-beautiful-girl-is-engaged-in-a-yoga-studio-XDDCX6T-1.jpg","","","",""
"https://lamickeyoga.com/wp-content/uploads/2021/04/yoga-concept-sportswoman-sitting-in-lotus-pose-ZH55QF9.jpg","/wp-content/uploads/2021/04/yoga-concept-sportswoman-sitting-in-lotus-pose-ZH55QF9.jpg","","","",""
"https://lamickeyoga.com/wp-content/uploads/2021/04/woman-doing-yoga-in-a-hammock-GBHVS37.jpg","/wp-content/uploads/2021/04/woman-doing-yoga-in-a-hammock-GBHVS37.jpg","","","",""
"https://lamickeyoga.com/wp-content/uploads/2021/04/wave-bg-4-1.png","/wp-content/uploads/2021/04/wave-bg-4-1.png","","","",""
"https://lamickeyoga.com/wp-content/uploads/2021/04/wave-bg-4.png","/wp-content/uploads/2021/04/wave-bg-4.png","","","",""
"https://lamickeyoga.com/wp-content/uploads/2021/04/elements-lotus-flower-logo-organic-spa-beauty-salon-PTWC7ZH-1.png","/wp-content/uploads/2021/04/elements-lotus-flower-logo-organic-spa-beauty-salon-PTWC7ZH-1.png","","","",""
"https://lamickeyoga.com/wp-content/uploads/2021/04/wave-bg-footer.png","/wp-content/uploads/2021/04/wave-bg-footer.png","","","",""
"https://lamickeyoga.com/wp-content/uploads/2021/04/elements-lotus-flower-logo-organic-spa-beauty-salon-PTWC7ZH.png","/wp-content/uploads/2021/04/elements-lotus-flower-logo-organic-spa-beauty-salon-PTWC7ZH.png","","","",""
"https://lamickeyoga.com/wp-content/uploads/2021/04/elements-abstract-collection-shapes-X8FYGQG-5.png","/wp-content/uploads/2021/04/elements-abstract-collection-shapes-X8FYGQG-5.png","","","",""
"https://lamickeyoga.com/wp-content/uploads/2021/04/young-woman-doing-supta-bhekasana-RX8X9NY.jpg","/wp-content/uploads/2021/04/young-woman-doing-supta-bhekasana-RX8X9NY.jpg","","","",""
"https://lamickeyoga.com/wp-content/uploads/2021/04/wave-bg-3.png","/wp-content/uploads/2021/04/wave-bg-3.png","","","",""
"https://lamickeyoga.com/wp-content/uploads/2021/04/sidebend-in-sukhasana-pose-P8CGS9F.jpg","/wp-content/uploads/2021/04/sidebend-in-sukhasana-pose-P8CGS9F.jpg","","","",""
"https://lamickeyoga.com/wp-content/uploads/2021/04/yoga-indoors-toestand-pose-P6CGV4A.jpg","/wp-content/uploads/2021/04/yoga-indoors-toestand-pose-P6CGV4A.jpg","","","",""
"https://lamickeyoga.com/wp-content/uploads/2021/04/young-smiling-guy-sitting-on-a-fitness-mat-and-med-PKEXUMP.jpg","/wp-content/uploads/2021/04/young-smiling-guy-sitting-on-a-fitness-mat-and-med-PKEXUMP.jpg","","","",""
"https://lamickeyoga.com/wp-content/uploads/2021/04/young-fit-woman-doing-yoga-exercise-4PT8Z3X.jpg","/wp-content/uploads/2021/04/young-fit-woman-doing-yoga-exercise-4PT8Z3X.jpg","","","",""
"https://lamickeyoga.com/wp-content/uploads/2021/04/young-woman-stretching-legs-6JBAXWF.jpg","/wp-content/uploads/2021/04/young-woman-stretching-legs-6JBAXWF.jpg","","","",""
"https://lamickeyoga.com/wp-content/uploads/2021/04/smiling-lady-in-eyeglasses-and-dress-standing-with-SBAK95C.jpg","/wp-content/uploads/2021/04/smiling-lady-in-eyeglasses-and-dress-standing-with-SBAK95C.jpg","","","",""
"https://lamickeyoga.com/wp-content/uploads/2021/04/elements-lotus-flower-logo-organic-spa-beauty-salon-PTWC7ZH-2.png","/wp-content/uploads/2021/04/elements-lotus-flower-logo-organic-spa-beauty-salon-PTWC7ZH-2.png","","","",""
"https://lamickeyoga.com/wp-content/uploads/2021/04/wave-bg-2.png","/wp-content/uploads/2021/04/wave-bg-2.png","","","",""
"https://lamickeyoga.com/wp-content/uploads/2021/04/group-of-people-making-yoga-exercises-at-studio-P5QECEG.jpg","/wp-content/uploads/2021/04/group-of-people-making-yoga-exercises-at-studio-P5QECEG.jpg","","","",""
"https://lamickeyoga.com/wp-content/uploads/2021/04/elements-abstract-collection-shapes-X8FYGQG-4.png","/wp-content/uploads/2021/04/elements-abstract-collection-shapes-X8FYGQG-4.png","","""https://lamickeyoga.com/""|""https://lamickeyoga.com/about/""|""https://lamickeyoga.com/corporate-yoga/""|""https://lamickeyoga.com/events/""|""https://lamickeyoga.com/pricing/""","",""
"https://lamickeyoga.com/wp-content/uploads/2021/04/wave-image.png","/wp-content/uploads/2021/04/wave-image.png","","""https://lamickeyoga.com/""|""https://lamickeyoga.com/about/""|""https://lamickeyoga.com/corporate-yoga/""|""https://lamickeyoga.com/pricing/""","",""
"https://lamickeyoga.com/wp-content/uploads/2021/04/young-thoughtful-woman-in-sporty-top-and-white-leg-XYCRPQT.jpg","/wp-content/uploads/2021/04/young-thoughtful-woman-in-sporty-top-and-white-leg-XYCRPQT.jpg","","","",""
"https://lamickeyoga.com/wp-content/uploads/2021/04/woman-meditating-at-yoga-studio-P2TGVNJ.jpg","/wp-content/uploads/2021/04/woman-meditating-at-yoga-studio-P2TGVNJ.jpg","","","",""
"https://lamickeyoga.com/wp-content/uploads/2021/04/brunette-fitness-woman-sit-on-rug-indoors-at-home-QAQEEZX.jpg","/wp-content/uploads/2021/04/brunette-fitness-woman-sit-on-rug-indoors-at-home-QAQEEZX.jpg","","","",""
"https://lamickeyoga.com/wp-content/uploads/2021/04/group-of-three-people-doing-a-crow-yoga-pose-ZRQPXMC-1.jpg","/wp-content/uploads/2021/04/group-of-three-people-doing-a-crow-yoga-pose-ZRQPXMC-1.jpg","","","",""
"https://lamickeyoga.com/wp-content/uploads/2021/04/elements-50-yoga-poses-line-icons-HGVM3M-class-4.png","/wp-content/uploads/2021/04/elements-50-yoga-poses-line-icons-HGVM3M-class-4.png","","""https://lamickeyoga.com/""","",""
"https://lamickeyoga.com/wp-content/uploads/2021/04/woman-doing-triangle-yoga-pose-indoors-R2GN9DV.jpg","/wp-content/uploads/2021/04/woman-doing-triangle-yoga-pose-indoors-R2GN9DV.jpg","","","",""
"https://lamickeyoga.com/wp-content/uploads/2021/04/elements-50-yoga-poses-line-icons-HGVM3M-class-3.png","/wp-content/uploads/2021/04/elements-50-yoga-poses-line-icons-HGVM3M-class-3.png","","""https://lamickeyoga.com/""","",""
"https://lamickeyoga.com/wp-content/uploads/2021/04/young-attractive-woman-relaxing-and-practicing-yog-Q8XLWYF.jpg","/wp-content/uploads/2021/04/young-attractive-woman-relaxing-and-practicing-yog-Q8XLWYF.jpg","","","",""
"https://lamickeyoga.com/wp-content/uploads/2021/04/elements-50-yoga-poses-line-icons-HGVM3M-class-2.png","/wp-content/uploads/2021/04/elements-50-yoga-poses-line-icons-HGVM3M-class-2.png","","""https://lamickeyoga.com/""","",""
"https://lamickeyoga.com/wp-content/uploads/2021/04/woman-practicing-yoga-at-home-VXZRF8D.jpg","/wp-content/uploads/2021/04/woman-practicing-yoga-at-home-VXZRF8D.jpg","","","",""
"https://lamickeyoga.com/wp-content/uploads/2021/04/elements-abstract-collection-shapes-X8FYGQG-3.png","/wp-content/uploads/2021/04/elements-abstract-collection-shapes-X8FYGQG-3.png","","""https://lamickeyoga.com/""|""https://lamickeyoga.com/contact/""|""https://lamickeyoga.com/corporate-yoga/""","",""
"https://lamickeyoga.com/wp-content/uploads/2021/04/elements-50-yoga-poses-line-icons-HGVM3M-class-1.png","/wp-content/uploads/2021/04/elements-50-yoga-poses-line-icons-HGVM3M-class-1.png","","","",""
"https://lamickeyoga.com/wp-content/uploads/2021/04/meditation-during-yoga-49HP3EF.jpg","/wp-content/uploads/2021/04/meditation-during-yoga-49HP3EF.jpg","","","",""
"https://lamickeyoga.com/wp-content/uploads/2021/04/elements-abstract-collection-shapes-X8FYGQG-2.png","/wp-content/uploads/2021/04/elements-abstract-collection-shapes-X8FYGQG-2.png","","""https://lamickeyoga.com/about/""","",""
"https://lamickeyoga.com/wp-content/uploads/2021/04/elements-50-yoga-poses-line-icons-HGVM3M-4.png","/wp-content/uploads/2021/04/elements-50-yoga-poses-line-icons-HGVM3M-4.png","","""https://lamickeyoga.com/""|""https://lamickeyoga.com/about/""","",""
"https://lamickeyoga.com/wp-content/uploads/2021/04/elements-50-yoga-poses-line-icons-HGVM3M-3.png","/wp-content/uploads/2021/04/elements-50-yoga-poses-line-icons-HGVM3M-3.png","","""https://lamickeyoga.com/""|""https://lamickeyoga.com/about/""","",""
"https://lamickeyoga.com/wp-content/uploads/2021/04/elements-50-yoga-poses-line-icons-HGVM3M-2.png","/wp-content/uploads/2021/04/elements-50-yoga-poses-line-icons-HGVM3M-2.png","","""https://lamickeyoga.com/""|""https://lamickeyoga.com/about/""","",""
"https://lamickeyoga.com/wp-content/uploads/2021/04/elements-50-yoga-poses-line-icons-HGVM3M.png","/wp-content/uploads/2021/04/elements-50-yoga-poses-line-icons-HGVM3M.png","","""https://lamickeyoga.com/""|""https://lamickeyoga.com/about/""","",""
"https://lamickeyoga.com/wp-content/uploads/2021/04/elements-abstract-collection-shapes-X8FYGQG.png","/wp-content/uploads/2021/04/elements-abstract-collection-shapes-X8FYGQG.png","","","",""
"https://lamickeyoga.com/wp-content/uploads/2021/04/beautiful-concentrated-young-caucasian-woman-LGRPYFL.png","/wp-content/uploads/2021/04/beautiful-concentrated-young-caucasian-woman-LGRPYFL.png","","","",""
"https://lamickeyoga.com/wp-content/uploads/2021/04/wave-bg.png","/wp-content/uploads/2021/04/wave-bg.png","","","",""
"https://lamickeyoga.com/wp-content/uploads/2021/04/hero-content-bg.png","/wp-content/uploads/2021/04/hero-content-bg.png","","","",""
"https://lamickeyoga.com/wp-content/uploads/2021/04/hero-bg.png","/wp-content/uploads/2021/04/hero-bg.png","","","",""
"https://lamickeyoga.com/wp-content/uploads/2021/04/yoga-indoors-eka-pada-rajakapotasana-P826STD.jpg","/wp-content/uploads/2021/04/yoga-indoors-eka-pada-rajakapotasana-P826STD.jpg","","","",""
