id,title,slug,status,link,parent,menu_order,template,date,modified
2616,pricing,pricing,publish,https://lamickeyoga.com/pricing/,0,0,elementor_header_footer,2026-02-10T20:30:32,2026-02-18T13:13:33
2519,My Account,my-account,publish,https://lamickeyoga.com/my-account/,0,0,,2025-11-22T05:50:54,2025-11-22T05:51:07
2518,Checkout,checkout,publish,https://lamickeyoga.com/checkout/,0,0,,2025-11-22T05:48:39,2025-11-22T05:50:22
2517,Cart,cart,publish,https://lamickeyoga.com/cart/,0,0,,2025-11-22T05:48:30,2025-11-22T05:51:12
2229,Workshops &#038; Events,events,publish,https://lamickeyoga.com/events/,0,0,elementor_header_footer,2021-12-09T19:15:31,2025-11-22T05:40:58
1213,Corporate Yoga,corporate-yoga,publish,https://lamickeyoga.com/corporate-yoga/,0,0,elementor_header_footer,2021-11-27T12:46:12,2021-12-05T22:36:58
810,Privacy Policy,privacy-policy,publish,https://lamickeyoga.com/privacy-policy/,0,0,elementor_header_footer,2021-05-18T11:34:41,2021-05-19T11:04:42
763,impressum,impressum,publish,https://lamickeyoga.com/impressum/,0,0,elementor_header_footer,2021-05-18T09:47:34,2021-05-21T09:50:40
415,Contact,contact,publish,https://lamickeyoga.com/contact/,0,0,elementor_header_footer,2021-05-01T16:08:16,2025-10-27T20:09:55
352,Blog,blog,publish,https://lamickeyoga.com/blog/,0,0,elementor_header_footer,2021-05-01T15:23:55,2021-12-09T20:21:38
323,classes,classes,publish,https://lamickeyoga.com/classes/,0,0,elementor_header_footer,2021-05-01T15:18:26,2026-02-17T14:09:04
294,about,about,publish,https://lamickeyoga.com/about/,0,0,elementor_header_footer,2021-05-01T15:13:12,2021-12-05T20:44:13
254,Home,home,publish,https://lamickeyoga.com/,0,0,elementor_header_footer,2021-05-01T14:55:26,2025-11-22T05:42:41
