page_id,page_slug,page_url,media_url
"2616","pricing","https://lamickeyoga.com/pricing/","https://lamickeyoga.com/wp-content/uploads/2021/04/elements-abstract-collection-shapes-X8FYGQG-4-300x192.png"
"2616","pricing","https://lamickeyoga.com/pricing/","https://lamickeyoga.com/wp-content/uploads/2021/04/elements-abstract-collection-shapes-X8FYGQG-4.png"
"2616","pricing","https://lamickeyoga.com/pricing/","https://lamickeyoga.com/wp-content/uploads/2021/04/wave-image-100x100.png"
"2616","pricing","https://lamickeyoga.com/pricing/","https://lamickeyoga.com/wp-content/uploads/2021/04/wave-image-150x150.png"
"2616","pricing","https://lamickeyoga.com/pricing/","https://lamickeyoga.com/wp-content/uploads/2021/04/wave-image-298x300.png"
"2616","pricing","https://lamickeyoga.com/pricing/","https://lamickeyoga.com/wp-content/uploads/2021/04/wave-image.png"
"2616","pricing","https://lamickeyoga.com/pricing/","https://lamickeyoga.com/wp-content/uploads/2021/05/IMG_6492-1024x682.jpg"
"2616","pricing","https://lamickeyoga.com/pricing/","https://lamickeyoga.com/wp-content/uploads/2021/05/IMG_6492-1536x1024.jpg"
"2616","pricing","https://lamickeyoga.com/pricing/","https://lamickeyoga.com/wp-content/uploads/2021/05/IMG_6492-1568x1045.jpg"
"2616","pricing","https://lamickeyoga.com/pricing/","https://lamickeyoga.com/wp-content/uploads/2021/05/IMG_6492-16x12.jpg"
"2616","pricing","https://lamickeyoga.com/pricing/","https://lamickeyoga.com/wp-content/uploads/2021/05/IMG_6492-300x200.jpg"
"2616","pricing","https://lamickeyoga.com/pricing/","https://lamickeyoga.com/wp-content/uploads/2021/05/IMG_6492-600x400.jpg"
"2616","pricing","https://lamickeyoga.com/pricing/","https://lamickeyoga.com/wp-content/uploads/2021/05/IMG_6492-768x512.jpg"
"2616","pricing","https://lamickeyoga.com/pricing/","https://lamickeyoga.com/wp-content/uploads/2021/05/IMG_6492.jpg"
"2616","pricing","https://lamickeyoga.com/pricing/","https://lamickeyoga.com/wp-content/uploads/2021/05/infinity_sign_with_jenny-1024x683.jpg"
"2616","pricing","https://lamickeyoga.com/pricing/","https://lamickeyoga.com/wp-content/uploads/2021/05/infinity_sign_with_jenny-300x200.jpg"
"2616","pricing","https://lamickeyoga.com/pricing/","https://lamickeyoga.com/wp-content/uploads/2021/05/infinity_sign_with_jenny-600x400.jpg"
"2616","pricing","https://lamickeyoga.com/pricing/","https://lamickeyoga.com/wp-content/uploads/2021/05/infinity_sign_with_jenny-768x512.jpg"
"2616","pricing","https://lamickeyoga.com/pricing/","https://lamickeyoga.com/wp-content/uploads/2021/05/infinity_sign_with_jenny.jpg"
"2616","pricing","https://lamickeyoga.com/pricing/","https://lamickeyoga.com/wp-content/uploads/2021/11/IMG_6143-1024x682.jpg"
"2616","pricing","https://lamickeyoga.com/pricing/","https://lamickeyoga.com/wp-content/uploads/2021/11/IMG_6143-1536x1024.jpg"
"2616","pricing","https://lamickeyoga.com/pricing/","https://lamickeyoga.com/wp-content/uploads/2021/11/IMG_6143-1568x1045.jpg"
"2616","pricing","https://lamickeyoga.com/pricing/","https://lamickeyoga.com/wp-content/uploads/2021/11/IMG_6143-18x12.jpg"
"2616","pricing","https://lamickeyoga.com/pricing/","https://lamickeyoga.com/wp-content/uploads/2021/11/IMG_6143-300x200.jpg"
"2616","pricing","https://lamickeyoga.com/pricing/","https://lamickeyoga.com/wp-content/uploads/2021/11/IMG_6143-600x400.jpg"
"2616","pricing","https://lamickeyoga.com/pricing/","https://lamickeyoga.com/wp-content/uploads/2021/11/IMG_6143-768x512.jpg"
"2616","pricing","https://lamickeyoga.com/pricing/","https://lamickeyoga.com/wp-content/uploads/2021/11/IMG_6143.jpg"
"2229","events","https://lamickeyoga.com/events/","https://lamickeyoga.com/wp-content/uploads/2021/04/elements-abstract-collection-shapes-X8FYGQG-4-300x192.png"
"2229","events","https://lamickeyoga.com/events/","https://lamickeyoga.com/wp-content/uploads/2021/04/elements-abstract-collection-shapes-X8FYGQG-4.png"
"2229","events","https://lamickeyoga.com/events/","https://lamickeyoga.com/wp-content/uploads/2021/05/IMG_5050_DxO_small-16x12.jpg"
"2229","events","https://lamickeyoga.com/events/","https://lamickeyoga.com/wp-content/uploads/2021/05/IMG_5050_DxO_small-300x206.jpg"
"2229","events","https://lamickeyoga.com/events/","https://lamickeyoga.com/wp-content/uploads/2021/05/IMG_5050_DxO_small-768x528.jpg"
"2229","events","https://lamickeyoga.com/events/","https://lamickeyoga.com/wp-content/uploads/2021/05/IMG_5050_DxO_small.jpg"
"2229","events","https://lamickeyoga.com/events/","https://lamickeyoga.com/wp-content/uploads/2021/05/IMG_5092_DxO-1024x692.jpg"
"2229","events","https://lamickeyoga.com/events/","https://lamickeyoga.com/wp-content/uploads/2021/05/IMG_5092_DxO-1536x1038.jpg"
"2229","events","https://lamickeyoga.com/events/","https://lamickeyoga.com/wp-content/uploads/2021/05/IMG_5092_DxO-1568x1060.jpg"
"2229","events","https://lamickeyoga.com/events/","https://lamickeyoga.com/wp-content/uploads/2021/05/IMG_5092_DxO-16x12.jpg"
"2229","events","https://lamickeyoga.com/events/","https://lamickeyoga.com/wp-content/uploads/2021/05/IMG_5092_DxO-2048x1384.jpg"
"2229","events","https://lamickeyoga.com/events/","https://lamickeyoga.com/wp-content/uploads/2021/05/IMG_5092_DxO-300x203.jpg"
"2229","events","https://lamickeyoga.com/events/","https://lamickeyoga.com/wp-content/uploads/2021/05/IMG_5092_DxO-768x519.jpg"
"2229","events","https://lamickeyoga.com/events/","https://lamickeyoga.com/wp-content/uploads/2021/05/IMG_5092_DxO-scaled.jpg"
"2229","events","https://lamickeyoga.com/events/","https://lamickeyoga.com/wp-content/uploads/2021/05/IMG_6560_DxO_small-16x12.jpg"
"2229","events","https://lamickeyoga.com/events/","https://lamickeyoga.com/wp-content/uploads/2021/05/IMG_6560_DxO_small-300x200.jpg"
"2229","events","https://lamickeyoga.com/events/","https://lamickeyoga.com/wp-content/uploads/2021/05/IMG_6560_DxO_small-768x511.jpg"
"2229","events","https://lamickeyoga.com/events/","https://lamickeyoga.com/wp-content/uploads/2021/05/IMG_6560_DxO_small.jpg"
"2229","events","https://lamickeyoga.com/events/","https://lamickeyoga.com/wp-content/uploads/2021/05/another_relaxed_mood-1-1024x683.jpg"
"2229","events","https://lamickeyoga.com/events/","https://lamickeyoga.com/wp-content/uploads/2021/05/another_relaxed_mood-1-300x200.jpg"
"2229","events","https://lamickeyoga.com/events/","https://lamickeyoga.com/wp-content/uploads/2021/05/another_relaxed_mood-1-768x512.jpg"
"2229","events","https://lamickeyoga.com/events/","https://lamickeyoga.com/wp-content/uploads/2021/05/another_relaxed_mood-1.jpg"
"2229","events","https://lamickeyoga.com/events/","https://lamickeyoga.com/wp-content/uploads/2021/05/hmmmmmm_smiling_sit_pose-1024x683.jpg"
"2229","events","https://lamickeyoga.com/events/","https://lamickeyoga.com/wp-content/uploads/2021/05/hmmmmmm_smiling_sit_pose-300x200.jpg"
"2229","events","https://lamickeyoga.com/events/","https://lamickeyoga.com/wp-content/uploads/2021/05/hmmmmmm_smiling_sit_pose-768x512.jpg"
"2229","events","https://lamickeyoga.com/events/","https://lamickeyoga.com/wp-content/uploads/2021/05/hmmmmmm_smiling_sit_pose.jpg"
"2229","events","https://lamickeyoga.com/events/","https://lamickeyoga.com/wp-content/uploads/2021/05/teaching_smiling_on_mat-1024x667.jpg"
"2229","events","https://lamickeyoga.com/events/","https://lamickeyoga.com/wp-content/uploads/2021/05/teaching_smiling_on_mat-300x196.jpg"
"2229","events","https://lamickeyoga.com/events/","https://lamickeyoga.com/wp-content/uploads/2021/05/teaching_smiling_on_mat-768x500.jpg"
"2229","events","https://lamickeyoga.com/events/","https://lamickeyoga.com/wp-content/uploads/2021/05/teaching_smiling_on_mat.jpg"
"2229","events","https://lamickeyoga.com/events/","https://lamickeyoga.com/wp-content/uploads/2021/05/tree_pose_with_jenny-1024x683.jpg"
"2229","events","https://lamickeyoga.com/events/","https://lamickeyoga.com/wp-content/uploads/2021/05/tree_pose_with_jenny-300x200.jpg"
"2229","events","https://lamickeyoga.com/events/","https://lamickeyoga.com/wp-content/uploads/2021/05/tree_pose_with_jenny-768x512.jpg"
"2229","events","https://lamickeyoga.com/events/","https://lamickeyoga.com/wp-content/uploads/2021/05/tree_pose_with_jenny.jpg"
"2229","events","https://lamickeyoga.com/events/","https://lamickeyoga.com/wp-content/uploads/2021/11/IMG_5316-1024x682.jpg"
"2229","events","https://lamickeyoga.com/events/","https://lamickeyoga.com/wp-content/uploads/2021/11/IMG_5316-1536x1024.jpg"
"2229","events","https://lamickeyoga.com/events/","https://lamickeyoga.com/wp-content/uploads/2021/11/IMG_5316-1568x1045.jpg"
"2229","events","https://lamickeyoga.com/events/","https://lamickeyoga.com/wp-content/uploads/2021/11/IMG_5316-18x12.jpg"
"2229","events","https://lamickeyoga.com/events/","https://lamickeyoga.com/wp-content/uploads/2021/11/IMG_5316-300x200.jpg"
"2229","events","https://lamickeyoga.com/events/","https://lamickeyoga.com/wp-content/uploads/2021/11/IMG_5316-768x512.jpg"
"2229","events","https://lamickeyoga.com/events/","https://lamickeyoga.com/wp-content/uploads/2021/11/IMG_5316.jpg"
"2229","events","https://lamickeyoga.com/events/","https://lamickeyoga.com/wp-content/uploads/2021/11/Workshops-1024x682.jpg"
"2229","events","https://lamickeyoga.com/events/","https://lamickeyoga.com/wp-content/uploads/2021/11/Workshops-1536x1024.jpg"
"2229","events","https://lamickeyoga.com/events/","https://lamickeyoga.com/wp-content/uploads/2021/11/Workshops-1568x1045.jpg"
"2229","events","https://lamickeyoga.com/events/","https://lamickeyoga.com/wp-content/uploads/2021/11/Workshops-18x12.jpg"
"2229","events","https://lamickeyoga.com/events/","https://lamickeyoga.com/wp-content/uploads/2021/11/Workshops-300x200.jpg"
"2229","events","https://lamickeyoga.com/events/","https://lamickeyoga.com/wp-content/uploads/2021/11/Workshops-768x512.jpg"
"2229","events","https://lamickeyoga.com/events/","https://lamickeyoga.com/wp-content/uploads/2021/11/Workshops.jpg"
"2229","events","https://lamickeyoga.com/events/","https://lamickeyoga.com/wp-content/uploads/2021/11/Yin-yoga-1024x678.jpg"
"2229","events","https://lamickeyoga.com/events/","https://lamickeyoga.com/wp-content/uploads/2021/11/Yin-yoga-1536x1018.jpg"
"2229","events","https://lamickeyoga.com/events/","https://lamickeyoga.com/wp-content/uploads/2021/11/Yin-yoga-1568x1039.jpg"
"2229","events","https://lamickeyoga.com/events/","https://lamickeyoga.com/wp-content/uploads/2021/11/Yin-yoga-18x12.jpg"
"2229","events","https://lamickeyoga.com/events/","https://lamickeyoga.com/wp-content/uploads/2021/11/Yin-yoga-300x199.jpg"
"2229","events","https://lamickeyoga.com/events/","https://lamickeyoga.com/wp-content/uploads/2021/11/Yin-yoga-768x509.jpg"
"2229","events","https://lamickeyoga.com/events/","https://lamickeyoga.com/wp-content/uploads/2021/11/Yin-yoga.jpg"
"2229","events","https://lamickeyoga.com/events/","https://lamickeyoga.com/wp-content/uploads/2025/11/Fuchsia-and-Dark-Pink-Sip-and-Paint-Party-Invitation-Instagram-Post-1-100x100.png"
"2229","events","https://lamickeyoga.com/events/","https://lamickeyoga.com/wp-content/uploads/2025/11/Fuchsia-and-Dark-Pink-Sip-and-Paint-Party-Invitation-Instagram-Post-1-1024x1024.png"
"2229","events","https://lamickeyoga.com/events/","https://lamickeyoga.com/wp-content/uploads/2025/11/Fuchsia-and-Dark-Pink-Sip-and-Paint-Party-Invitation-Instagram-Post-1-12x12.png"
"2229","events","https://lamickeyoga.com/events/","https://lamickeyoga.com/wp-content/uploads/2025/11/Fuchsia-and-Dark-Pink-Sip-and-Paint-Party-Invitation-Instagram-Post-1-150x150.png"
"2229","events","https://lamickeyoga.com/events/","https://lamickeyoga.com/wp-content/uploads/2025/11/Fuchsia-and-Dark-Pink-Sip-and-Paint-Party-Invitation-Instagram-Post-1-300x300.png"
"2229","events","https://lamickeyoga.com/events/","https://lamickeyoga.com/wp-content/uploads/2025/11/Fuchsia-and-Dark-Pink-Sip-and-Paint-Party-Invitation-Instagram-Post-1-450x450.png"
"2229","events","https://lamickeyoga.com/events/","https://lamickeyoga.com/wp-content/uploads/2025/11/Fuchsia-and-Dark-Pink-Sip-and-Paint-Party-Invitation-Instagram-Post-1-600x600.png"
"2229","events","https://lamickeyoga.com/events/","https://lamickeyoga.com/wp-content/uploads/2025/11/Fuchsia-and-Dark-Pink-Sip-and-Paint-Party-Invitation-Instagram-Post-1-768x768.png"
"2229","events","https://lamickeyoga.com/events/","https://lamickeyoga.com/wp-content/uploads/2025/11/Fuchsia-and-Dark-Pink-Sip-and-Paint-Party-Invitation-Instagram-Post-1.png"
"1213","corporate-yoga","https://lamickeyoga.com/corporate-yoga/","https://lamickeyoga.com/wp-content/uploads/2021/04/elements-abstract-collection-shapes-X8FYGQG-3-300x172.png"
"1213","corporate-yoga","https://lamickeyoga.com/corporate-yoga/","https://lamickeyoga.com/wp-content/uploads/2021/04/elements-abstract-collection-shapes-X8FYGQG-3.png"
"1213","corporate-yoga","https://lamickeyoga.com/corporate-yoga/","https://lamickeyoga.com/wp-content/uploads/2021/04/elements-abstract-collection-shapes-X8FYGQG-4-300x192.png"
"1213","corporate-yoga","https://lamickeyoga.com/corporate-yoga/","https://lamickeyoga.com/wp-content/uploads/2021/04/elements-abstract-collection-shapes-X8FYGQG-4.png"
"1213","corporate-yoga","https://lamickeyoga.com/corporate-yoga/","https://lamickeyoga.com/wp-content/uploads/2021/04/wave-image-150x150.png"
"1213","corporate-yoga","https://lamickeyoga.com/corporate-yoga/","https://lamickeyoga.com/wp-content/uploads/2021/04/wave-image-298x300.png"
"1213","corporate-yoga","https://lamickeyoga.com/corporate-yoga/","https://lamickeyoga.com/wp-content/uploads/2021/04/wave-image.png"
"1213","corporate-yoga","https://lamickeyoga.com/corporate-yoga/","https://lamickeyoga.com/wp-content/uploads/2021/05/IMG_5453_DxO_small-16x12.jpg"
"1213","corporate-yoga","https://lamickeyoga.com/corporate-yoga/","https://lamickeyoga.com/wp-content/uploads/2021/05/IMG_5453_DxO_small-300x200.jpg"
"1213","corporate-yoga","https://lamickeyoga.com/corporate-yoga/","https://lamickeyoga.com/wp-content/uploads/2021/05/IMG_5453_DxO_small-768x511.jpg"
"1213","corporate-yoga","https://lamickeyoga.com/corporate-yoga/","https://lamickeyoga.com/wp-content/uploads/2021/05/IMG_5453_DxO_small.jpg"
"1213","corporate-yoga","https://lamickeyoga.com/corporate-yoga/","https://lamickeyoga.com/wp-content/uploads/2021/05/IMG_5686_DxO_small-16x12.jpg"
"1213","corporate-yoga","https://lamickeyoga.com/corporate-yoga/","https://lamickeyoga.com/wp-content/uploads/2021/05/IMG_5686_DxO_small-300x198.jpg"
"1213","corporate-yoga","https://lamickeyoga.com/corporate-yoga/","https://lamickeyoga.com/wp-content/uploads/2021/05/IMG_5686_DxO_small-768x507.jpg"
"1213","corporate-yoga","https://lamickeyoga.com/corporate-yoga/","https://lamickeyoga.com/wp-content/uploads/2021/05/IMG_5686_DxO_small.jpg"
"1213","corporate-yoga","https://lamickeyoga.com/corporate-yoga/","https://lamickeyoga.com/wp-content/uploads/2021/05/IMG_6687_DxO_small-16x12.jpg"
"1213","corporate-yoga","https://lamickeyoga.com/corporate-yoga/","https://lamickeyoga.com/wp-content/uploads/2021/05/IMG_6687_DxO_small-300x200.jpg"
"1213","corporate-yoga","https://lamickeyoga.com/corporate-yoga/","https://lamickeyoga.com/wp-content/uploads/2021/05/IMG_6687_DxO_small-768x511.jpg"
"1213","corporate-yoga","https://lamickeyoga.com/corporate-yoga/","https://lamickeyoga.com/wp-content/uploads/2021/05/IMG_6687_DxO_small.jpg"
"1213","corporate-yoga","https://lamickeyoga.com/corporate-yoga/","https://lamickeyoga.com/wp-content/uploads/2021/11/20200724_134929-1152x1536.jpg"
"1213","corporate-yoga","https://lamickeyoga.com/corporate-yoga/","https://lamickeyoga.com/wp-content/uploads/2021/11/20200724_134929-1536x2048.jpg"
"1213","corporate-yoga","https://lamickeyoga.com/corporate-yoga/","https://lamickeyoga.com/wp-content/uploads/2021/11/20200724_134929-1568x2091.jpg"
"1213","corporate-yoga","https://lamickeyoga.com/corporate-yoga/","https://lamickeyoga.com/wp-content/uploads/2021/11/20200724_134929-225x300.jpg"
"1213","corporate-yoga","https://lamickeyoga.com/corporate-yoga/","https://lamickeyoga.com/wp-content/uploads/2021/11/20200724_134929-768x1024.jpg"
"1213","corporate-yoga","https://lamickeyoga.com/corporate-yoga/","https://lamickeyoga.com/wp-content/uploads/2021/11/20200724_134929-9x12.jpg"
"1213","corporate-yoga","https://lamickeyoga.com/corporate-yoga/","https://lamickeyoga.com/wp-content/uploads/2021/11/20200724_134929-scaled.jpg"
"1213","corporate-yoga","https://lamickeyoga.com/corporate-yoga/","https://lamickeyoga.com/wp-content/uploads/2021/11/Business-Yoga.pdf"
"1213","corporate-yoga","https://lamickeyoga.com/corporate-yoga/","https://lamickeyoga.com/wp-content/uploads/2021/11/Office-Yoga-11x12.png"
"1213","corporate-yoga","https://lamickeyoga.com/corporate-yoga/","https://lamickeyoga.com/wp-content/uploads/2021/11/Office-Yoga-273x300.png"
"1213","corporate-yoga","https://lamickeyoga.com/corporate-yoga/","https://lamickeyoga.com/wp-content/uploads/2021/11/Office-Yoga.png"
"415","contact","https://lamickeyoga.com/contact/","https://lamickeyoga.com/wp-content/uploads/2021/04/elements-abstract-collection-shapes-X8FYGQG-3-300x172.png"
"415","contact","https://lamickeyoga.com/contact/","https://lamickeyoga.com/wp-content/uploads/2021/04/elements-abstract-collection-shapes-X8FYGQG-3.png"
"352","blog","https://lamickeyoga.com/blog/","https://lamicke.com/wp-content/uploads/2021/04/elements-abstract-collection-shapes-X8FYGQG-5.png"
"294","about","https://lamickeyoga.com/about/","https://lamickeyoga.com/wp-content/uploads/2021/04/elements-50-yoga-poses-line-icons-HGVM3M-2.png"
"294","about","https://lamickeyoga.com/about/","https://lamickeyoga.com/wp-content/uploads/2021/04/elements-50-yoga-poses-line-icons-HGVM3M-3.png"
"294","about","https://lamickeyoga.com/about/","https://lamickeyoga.com/wp-content/uploads/2021/04/elements-50-yoga-poses-line-icons-HGVM3M-4.png"
"294","about","https://lamickeyoga.com/about/","https://lamickeyoga.com/wp-content/uploads/2021/04/elements-50-yoga-poses-line-icons-HGVM3M.png"
"294","about","https://lamickeyoga.com/about/","https://lamickeyoga.com/wp-content/uploads/2021/04/elements-abstract-collection-shapes-X8FYGQG-2-300x214.png"
"294","about","https://lamickeyoga.com/about/","https://lamickeyoga.com/wp-content/uploads/2021/04/elements-abstract-collection-shapes-X8FYGQG-2-768x547.png"
"294","about","https://lamickeyoga.com/about/","https://lamickeyoga.com/wp-content/uploads/2021/04/elements-abstract-collection-shapes-X8FYGQG-2.png"
"294","about","https://lamickeyoga.com/about/","https://lamickeyoga.com/wp-content/uploads/2021/04/elements-abstract-collection-shapes-X8FYGQG-4-300x192.png"
"294","about","https://lamickeyoga.com/about/","https://lamickeyoga.com/wp-content/uploads/2021/04/elements-abstract-collection-shapes-X8FYGQG-4.png"
"294","about","https://lamickeyoga.com/about/","https://lamickeyoga.com/wp-content/uploads/2021/04/wave-image-150x150.png"
"294","about","https://lamickeyoga.com/about/","https://lamickeyoga.com/wp-content/uploads/2021/04/wave-image-298x300.png"
"294","about","https://lamickeyoga.com/about/","https://lamickeyoga.com/wp-content/uploads/2021/04/wave-image.png"
"294","about","https://lamickeyoga.com/about/","https://lamickeyoga.com/wp-content/uploads/2021/05/IMG_5292_DxO_small-16x12.jpg"
"294","about","https://lamickeyoga.com/about/","https://lamickeyoga.com/wp-content/uploads/2021/05/IMG_5292_DxO_small-300x200.jpg"
"294","about","https://lamickeyoga.com/about/","https://lamickeyoga.com/wp-content/uploads/2021/05/IMG_5292_DxO_small-768x511.jpg"
"294","about","https://lamickeyoga.com/about/","https://lamickeyoga.com/wp-content/uploads/2021/05/IMG_5292_DxO_small.jpg"
"294","about","https://lamickeyoga.com/about/","https://lamickeyoga.com/wp-content/uploads/2021/05/IMG_6082-1024x682.jpg"
"294","about","https://lamickeyoga.com/about/","https://lamickeyoga.com/wp-content/uploads/2021/05/IMG_6082-1536x1024.jpg"
"294","about","https://lamickeyoga.com/about/","https://lamickeyoga.com/wp-content/uploads/2021/05/IMG_6082-1568x1045.jpg"
"294","about","https://lamickeyoga.com/about/","https://lamickeyoga.com/wp-content/uploads/2021/05/IMG_6082-16x12.jpg"
"294","about","https://lamickeyoga.com/about/","https://lamickeyoga.com/wp-content/uploads/2021/05/IMG_6082-300x200.jpg"
"294","about","https://lamickeyoga.com/about/","https://lamickeyoga.com/wp-content/uploads/2021/05/IMG_6082-768x512.jpg"
"294","about","https://lamickeyoga.com/about/","https://lamickeyoga.com/wp-content/uploads/2021/05/IMG_6082.jpg"
"294","about","https://lamickeyoga.com/about/","https://lamickeyoga.com/wp-content/uploads/2021/05/IMG_6605_DxO_small-16x12.jpg"
"294","about","https://lamickeyoga.com/about/","https://lamickeyoga.com/wp-content/uploads/2021/05/IMG_6605_DxO_small-300x200.jpg"
"294","about","https://lamickeyoga.com/about/","https://lamickeyoga.com/wp-content/uploads/2021/05/IMG_6605_DxO_small-768x511.jpg"
"294","about","https://lamickeyoga.com/about/","https://lamickeyoga.com/wp-content/uploads/2021/05/IMG_6605_DxO_small.jpg"
"294","about","https://lamickeyoga.com/about/","https://lamickeyoga.com/wp-content/uploads/2021/05/infinity_sign_with_jenny-1024x683.jpg"
"294","about","https://lamickeyoga.com/about/","https://lamickeyoga.com/wp-content/uploads/2021/05/infinity_sign_with_jenny-300x200.jpg"
"294","about","https://lamickeyoga.com/about/","https://lamickeyoga.com/wp-content/uploads/2021/05/infinity_sign_with_jenny-768x512.jpg"
"294","about","https://lamickeyoga.com/about/","https://lamickeyoga.com/wp-content/uploads/2021/05/infinity_sign_with_jenny.jpg"
"294","about","https://lamickeyoga.com/about/","https://lamickeyoga.com/wp-content/uploads/2021/12/in_the_park_white-format2-e1638379396550-13x12.jpg"
"294","about","https://lamickeyoga.com/about/","https://lamickeyoga.com/wp-content/uploads/2021/12/in_the_park_white-format2-e1638379396550-300x273.jpg"
"294","about","https://lamickeyoga.com/about/","https://lamickeyoga.com/wp-content/uploads/2021/12/in_the_park_white-format2-e1638379396550-768x699.jpg"
"294","about","https://lamickeyoga.com/about/","https://lamickeyoga.com/wp-content/uploads/2021/12/in_the_park_white-format2-e1638379396550.jpg"
"254","home","https://lamickeyoga.com/","https://lamickeyoga.com/wp-content/uploads/2021/04/elements-50-yoga-poses-line-icons-HGVM3M-2.png"
"254","home","https://lamickeyoga.com/","https://lamickeyoga.com/wp-content/uploads/2021/04/elements-50-yoga-poses-line-icons-HGVM3M-3.png"
"254","home","https://lamickeyoga.com/","https://lamickeyoga.com/wp-content/uploads/2021/04/elements-50-yoga-poses-line-icons-HGVM3M-4.png"
"254","home","https://lamickeyoga.com/","https://lamickeyoga.com/wp-content/uploads/2021/04/elements-50-yoga-poses-line-icons-HGVM3M-class-2.png"
"254","home","https://lamickeyoga.com/","https://lamickeyoga.com/wp-content/uploads/2021/04/elements-50-yoga-poses-line-icons-HGVM3M-class-3.png"
"254","home","https://lamickeyoga.com/","https://lamickeyoga.com/wp-content/uploads/2021/04/elements-50-yoga-poses-line-icons-HGVM3M-class-4.png"
"254","home","https://lamickeyoga.com/","https://lamickeyoga.com/wp-content/uploads/2021/04/elements-50-yoga-poses-line-icons-HGVM3M.png"
"254","home","https://lamickeyoga.com/","https://lamickeyoga.com/wp-content/uploads/2021/04/elements-abstract-collection-shapes-X8FYGQG-3-300x172.png"
"254","home","https://lamickeyoga.com/","https://lamickeyoga.com/wp-content/uploads/2021/04/elements-abstract-collection-shapes-X8FYGQG-3.png"
"254","home","https://lamickeyoga.com/","https://lamickeyoga.com/wp-content/uploads/2021/04/elements-abstract-collection-shapes-X8FYGQG-4-300x192.png"
"254","home","https://lamickeyoga.com/","https://lamickeyoga.com/wp-content/uploads/2021/04/elements-abstract-collection-shapes-X8FYGQG-4.png"
"254","home","https://lamickeyoga.com/","https://lamickeyoga.com/wp-content/uploads/2021/04/wave-image-150x150.png"
"254","home","https://lamickeyoga.com/","https://lamickeyoga.com/wp-content/uploads/2021/04/wave-image-298x300.png"
"254","home","https://lamickeyoga.com/","https://lamickeyoga.com/wp-content/uploads/2021/04/wave-image.png"
"254","home","https://lamickeyoga.com/","https://lamickeyoga.com/wp-content/uploads/2021/05/IMG_5043_DxO_small-e1638380989973-18x12.jpg"
"254","home","https://lamickeyoga.com/","https://lamickeyoga.com/wp-content/uploads/2021/05/IMG_5043_DxO_small-e1638380989973-300x200.jpg"
"254","home","https://lamickeyoga.com/","https://lamickeyoga.com/wp-content/uploads/2021/05/IMG_5043_DxO_small-e1638380989973-768x512.jpg"
"254","home","https://lamickeyoga.com/","https://lamickeyoga.com/wp-content/uploads/2021/05/IMG_5043_DxO_small-e1638380989973.jpg"
"254","home","https://lamickeyoga.com/","https://lamickeyoga.com/wp-content/uploads/2021/05/IMG_5167_DxO_small-16x12.jpg"
"254","home","https://lamickeyoga.com/","https://lamickeyoga.com/wp-content/uploads/2021/05/IMG_5167_DxO_small-300x198.jpg"
"254","home","https://lamickeyoga.com/","https://lamickeyoga.com/wp-content/uploads/2021/05/IMG_5167_DxO_small-768x507.jpg"
"254","home","https://lamickeyoga.com/","https://lamickeyoga.com/wp-content/uploads/2021/05/IMG_5167_DxO_small.jpg"
"254","home","https://lamickeyoga.com/","https://lamickeyoga.com/wp-content/uploads/2021/05/IMG_6492-1024x682.jpg"
"254","home","https://lamickeyoga.com/","https://lamickeyoga.com/wp-content/uploads/2021/05/IMG_6492-1536x1024.jpg"
"254","home","https://lamickeyoga.com/","https://lamickeyoga.com/wp-content/uploads/2021/05/IMG_6492-1568x1045.jpg"
"254","home","https://lamickeyoga.com/","https://lamickeyoga.com/wp-content/uploads/2021/05/IMG_6492-16x12.jpg"
"254","home","https://lamickeyoga.com/","https://lamickeyoga.com/wp-content/uploads/2021/05/IMG_6492-300x200.jpg"
"254","home","https://lamickeyoga.com/","https://lamickeyoga.com/wp-content/uploads/2021/05/IMG_6492-768x512.jpg"
"254","home","https://lamickeyoga.com/","https://lamickeyoga.com/wp-content/uploads/2021/05/IMG_6492.jpg"
"254","home","https://lamickeyoga.com/","https://lamickeyoga.com/wp-content/uploads/2021/05/IMG_6560_DxO_small-16x12.jpg"
"254","home","https://lamickeyoga.com/","https://lamickeyoga.com/wp-content/uploads/2021/05/IMG_6560_DxO_small-300x200.jpg"
"254","home","https://lamickeyoga.com/","https://lamickeyoga.com/wp-content/uploads/2021/05/IMG_6560_DxO_small-768x511.jpg"
"254","home","https://lamickeyoga.com/","https://lamickeyoga.com/wp-content/uploads/2021/05/IMG_6560_DxO_small.jpg"
"254","home","https://lamickeyoga.com/","https://lamickeyoga.com/wp-content/uploads/2021/05/IMG_6687_DxO_small-16x12.jpg"
"254","home","https://lamickeyoga.com/","https://lamickeyoga.com/wp-content/uploads/2021/05/IMG_6687_DxO_small-300x200.jpg"
"254","home","https://lamickeyoga.com/","https://lamickeyoga.com/wp-content/uploads/2021/05/IMG_6687_DxO_small-768x511.jpg"
"254","home","https://lamickeyoga.com/","https://lamickeyoga.com/wp-content/uploads/2021/05/IMG_6687_DxO_small.jpg"
"254","home","https://lamickeyoga.com/","https://lamickeyoga.com/wp-content/uploads/2021/05/cropped-Logo_21-05-09-2-150x150.png"
"254","home","https://lamickeyoga.com/","https://lamickeyoga.com/wp-content/uploads/2021/05/cropped-Logo_21-05-09-2.png"
"254","home","https://lamickeyoga.com/","https://lamickeyoga.com/wp-content/uploads/2021/05/infinity_sign_with_jenny-1024x683.jpg"
"254","home","https://lamickeyoga.com/","https://lamickeyoga.com/wp-content/uploads/2021/05/infinity_sign_with_jenny-300x200.jpg"
"254","home","https://lamickeyoga.com/","https://lamickeyoga.com/wp-content/uploads/2021/05/infinity_sign_with_jenny-768x512.jpg"
"254","home","https://lamickeyoga.com/","https://lamickeyoga.com/wp-content/uploads/2021/05/infinity_sign_with_jenny.jpg"
"254","home","https://lamickeyoga.com/","https://lamickeyoga.com/wp-content/uploads/2021/05/smile_hand_up_with_mat-1024x683.jpg"
"254","home","https://lamickeyoga.com/","https://lamickeyoga.com/wp-content/uploads/2021/05/smile_hand_up_with_mat-300x200.jpg"
"254","home","https://lamickeyoga.com/","https://lamickeyoga.com/wp-content/uploads/2021/05/smile_hand_up_with_mat-768x512.jpg"
"254","home","https://lamickeyoga.com/","https://lamickeyoga.com/wp-content/uploads/2021/05/smile_hand_up_with_mat.jpg"
"254","home","https://lamickeyoga.com/","https://lamickeyoga.com/wp-content/uploads/2021/05/split_with_estelle-1024x683.jpg"
"254","home","https://lamickeyoga.com/","https://lamickeyoga.com/wp-content/uploads/2021/05/split_with_estelle-300x200.jpg"
"254","home","https://lamickeyoga.com/","https://lamickeyoga.com/wp-content/uploads/2021/05/split_with_estelle-768x512.jpg"
"254","home","https://lamickeyoga.com/","https://lamickeyoga.com/wp-content/uploads/2021/05/split_with_estelle.jpg"
"254","home","https://lamickeyoga.com/","https://lamickeyoga.com/wp-content/uploads/2021/11/2021-11-30_15-57-16-233x300.png"
"254","home","https://lamickeyoga.com/","https://lamickeyoga.com/wp-content/uploads/2021/11/2021-11-30_15-57-16-9x12.png"
"254","home","https://lamickeyoga.com/","https://lamickeyoga.com/wp-content/uploads/2021/11/2021-11-30_15-57-16.png"
"254","home","https://lamickeyoga.com/","https://lamickeyoga.com/wp-content/uploads/2021/11/Celina-11x12.png"
"254","home","https://lamickeyoga.com/","https://lamickeyoga.com/wp-content/uploads/2021/11/Celina-263x300.png"
"254","home","https://lamickeyoga.com/","https://lamickeyoga.com/wp-content/uploads/2021/11/Celina.png"
"254","home","https://lamickeyoga.com/","https://lamickeyoga.com/wp-content/uploads/2021/11/Silviaaa-12x12.png"
"254","home","https://lamickeyoga.com/","https://lamickeyoga.com/wp-content/uploads/2021/11/Silviaaa-300x289.png"
"254","home","https://lamickeyoga.com/","https://lamickeyoga.com/wp-content/uploads/2021/11/Silviaaa.png"
"254","home","https://lamickeyoga.com/","https://lamickeyoga.com/wp-content/uploads/2021/11/aanyou-13x12.png"
"254","home","https://lamickeyoga.com/","https://lamickeyoga.com/wp-content/uploads/2021/11/aanyou-300x269.png"
"254","home","https://lamickeyoga.com/","https://lamickeyoga.com/wp-content/uploads/2021/11/aanyou.png"
"254","home","https://lamickeyoga.com/","https://lamickeyoga.com/wp-content/uploads/2021/12/IMG_3540-rotated-e1638361837622-12x12.jpg"
"254","home","https://lamickeyoga.com/","https://lamickeyoga.com/wp-content/uploads/2021/12/IMG_3540-rotated-e1638361837622-150x150.jpg"
"254","home","https://lamickeyoga.com/","https://lamickeyoga.com/wp-content/uploads/2021/12/IMG_3540-rotated-e1638361837622-300x300.jpg"
"254","home","https://lamickeyoga.com/","https://lamickeyoga.com/wp-content/uploads/2021/12/IMG_3540-rotated-e1638361837622-768x768.jpg"
"254","home","https://lamickeyoga.com/","https://lamickeyoga.com/wp-content/uploads/2021/12/IMG_3540-rotated-e1638361837622.jpg"
"254","home","https://lamickeyoga.com/","https://lamickeyoga.com/wp-content/uploads/2021/12/Jo-12x12.png"
"254","home","https://lamickeyoga.com/","https://lamickeyoga.com/wp-content/uploads/2021/12/Jo.png"
"254","home","https://lamickeyoga.com/","https://lamickeyoga.com/wp-content/uploads/2021/12/atabs-10x12.png"
"254","home","https://lamickeyoga.com/","https://lamickeyoga.com/wp-content/uploads/2021/12/atabs-241x300.png"
"254","home","https://lamickeyoga.com/","https://lamickeyoga.com/wp-content/uploads/2021/12/atabs.png"
"254","home","https://lamickeyoga.com/","https://lamickeyoga.com/wp-content/uploads/2022/02/WhatsApp-Image-2022-01-06-at-14.44.52-225x300.jpeg"
"254","home","https://lamickeyoga.com/","https://lamickeyoga.com/wp-content/uploads/2022/02/WhatsApp-Image-2022-01-06-at-14.44.52-9x12.jpeg"
"254","home","https://lamickeyoga.com/","https://lamickeyoga.com/wp-content/uploads/2022/02/WhatsApp-Image-2022-01-06-at-14.44.52.jpeg"
